Run,ReleaseDate,LoadDate,spots,bases,spots_with_mates,avgLength,size_MB,AssemblyName,download_path,Experiment,LibraryName,LibraryStrategy,LibrarySelection,LibrarySource,LibraryLayout,InsertSize,InsertDev,Platform,Model,SRAStudy,BioProject,Study_Pubmed_id,ProjectID,Sample,BioSample,SampleType,TaxID,ScientificName,SampleName,g1k_pop_code,source,g1k_analysis_group,Subject_ID,Sex,Disease,Tumor,Affection_Status,Analyte_Type,Histological_Type,Body_Site,CenterName,Submission,dbgap_study_accession,Consent,RunHash,ReadHash
DRR426557,2024/12/24 1:34,2024/12/24 1:30,81463,37302465,81463,457,17,,https://sra-downloadb.be-md.ncbi.nlm.nih.gov/sos7/sra-pub-zq-41/DRR000/426/DRR426557/DRR426557.lite.1,DRX411740,sugi-A_S2,OTHER,other,GENOMIC,PAIRED,339,0,ILLUMINA,Illumina MiSeq,DRP012371,PRJDB14991,,1201938,DRS430353,SAMD00567461,simple,3369,Cryptomeria japonica,SAMD00567461,,,,,,,no,,,,,FFPRI,DRA015391,,public,60AA4270C457D71F9DFAC2462216BEE9,5187C4411002316190BE955AD7A972E7
DRR426558,2024/12/24 1:34,2024/12/24 1:31,89363,32875036,89363,367,19,,https://sra-downloadb.be-md.ncbi.nlm.nih.gov/sos7/sra-pub-zq-41/DRR000/426/DRR426558/DRR426558.lite.1,DRX411741,sugi-B_S3,OTHER,other,GENOMIC,PAIRED,201,0,ILLUMINA,Illumina MiSeq,DRP012371,PRJDB14991,,1201938,DRS430354,SAMD00567462,simple,3369,Cryptomeria japonica,SAMD00567462,,,,,,,no,,,,,FFPRI,DRA015391,,public,2CB07F4EEBE3082B0D807B98A6E2A54C,3DBDAA99469B45F7F951D70FC3DBEA99
ERR10889820,2023/8/19 9:13,2023/8/23 18:33,51330860,15399258000,51330860,300,8244,,https://sra-downloadb.be-md.ncbi.nlm.nih.gov/sos5/sra-pub-zq-14/ERR010/10889/ERR10889820/ERR10889820.lite.1,ERX10333366,,RNA-Seq,cDNA,TRANSCRIPTOMIC,PAIRED,0,0,ILLUMINA,Illumina HiSeq 4000,ERP144157,PRJEB59090,,1006968,ERS14644716,SAMEA112646987,simple,4530,Oryza sativa,SAMEA112646987,,,,,,,no,,,,,"NATIONAL CENTER FOR GENE RESEARCH, CHINESE ACADEMY",ERA20613015,,public,4A7C8A9BF06ED0B5D7318FD143D11493,EE56DBBA9020915A1B31D531FF83FC7C
ERR10889821,2023/8/19 9:13,2023/8/22 17:21,50287982,15086394600,50287982,300,8151,,https://sra-downloadb.be-md.ncbi.nlm.nih.gov/sos4/sra-pub-zq-5/ERR010/10889/ERR10889821/ERR10889821.lite.1,ERX10333367,,RNA-Seq,cDNA,TRANSCRIPTOMIC,PAIRED,0,0,ILLUMINA,Illumina HiSeq 4000,ERP144157,PRJEB59090,,1006968,ERS14644716,SAMEA112646987,simple,4530,Oryza sativa,SAMEA112646987,,,,,,,no,,,,,"NATIONAL CENTER FOR GENE RESEARCH, CHINESE ACADEMY",ERA20613015,,public,8359063331E07187E6F8A7A3B89E08B5,0B72AAFBB55A2EED9C4B795F28F834EA
ERR10889822,2023/8/19 9:13,2023/8/22 17:21,37113512,11134053600,37113512,300,6218,,https://sra-downloadb.be-md.ncbi.nlm.nih.gov/sos4/sra-pub-zq-5/ERR010/10889/ERR10889822/ERR10889822.lite.1,ERX10333368,,RNA-Seq,cDNA,TRANSCRIPTOMIC,PAIRED,0,0,ILLUMINA,Illumina HiSeq 4000,ERP144157,PRJEB59090,,1006968,ERS14644716,SAMEA112646987,simple,4530,Oryza sativa,SAMEA112646987,,,,,,,no,,,,,"NATIONAL CENTER FOR GENE RESEARCH, CHINESE ACADEMY",ERA20613015,,public,FF40612D3D18E3AA6CB4311CD31E2488,03A12AB367DE5724137D6E7827C324BC
ERR10889823,2023/8/19 9:13,2023/8/22 17:18,68150268,20445080400,68150268,300,11601,,https://sra-downloadb.be-md.ncbi.nlm.nih.gov/sos4/sra-pub-zq-5/ERR010/10889/ERR10889823/ERR10889823.lite.1,ERX10333369,,RNA-Seq,cDNA,TRANSCRIPTOMIC,PAIRED,0,0,ILLUMINA,Illumina HiSeq 4000,ERP144157,PRJEB59090,,1006968,ERS14644716,SAMEA112646987,simple,4530,Oryza sativa,SAMEA112646987,,,,,,,no,,,,,"NATIONAL CENTER FOR GENE RESEARCH, CHINESE ACADEMY",ERA20613015,,public,A4D9E7BB053CAC80B1C4BB88014B583A,D320945D77F161489C18C05B9B0229C8
ERR10889824,2023/8/19 9:13,2023/8/22 17:27,47587305,14276191500,47587305,300,7655,,https://sra-downloadb.be-md.ncbi.nlm.nih.gov/sos4/sra-pub-zq-5/ERR010/10889/ERR10889824/ERR10889824.lite.1,ERX10333370,,RNA-Seq,cDNA,TRANSCRIPTOMIC,PAIRED,0,0,ILLUMINA,Illumina HiSeq 4000,ERP144157,PRJEB59090,,1006968,ERS14644716,SAMEA112646987,simple,4530,Oryza sativa,SAMEA112646987,,,,,,,no,,,,,"NATIONAL CENTER FOR GENE RESEARCH, CHINESE ACADEMY",ERA20613015,,public,2C1DCB243B362A36011D33256A149B8D,918A7488C5F89E28459DE51C4574C1DB
ERR10889825,2023/8/19 9:13,2023/8/22 17:23,56798964,17039689200,56798964,300,9042,,https://sra-downloadb.be-md.ncbi.nlm.nih.gov/sos4/sra-pub-zq-5/ERR010/10889/ERR10889825/ERR10889825.lite.1,ERX10333371,,RNA-Seq,cDNA,TRANSCRIPTOMIC,PAIRED,0,0,ILLUMINA,Illumina HiSeq 4000,ERP144157,PRJEB59090,,1006968,ERS14644716,SAMEA112646987,simple,4530,Oryza sativa,SAMEA112646987,,,,,,,no,,,,,"NATIONAL CENTER FOR GENE RESEARCH, CHINESE ACADEMY",ERA20613015,,public,6661F3E7876D1D738BCE9C536170F22E,C2FDC78E485E35CFDA952E01B7C0CCCC
ERR10889826,2023/8/19 9:13,2023/8/22 17:32,64967591,19490277300,64967591,300,10877,,https://sra-downloadb.be-md.ncbi.nlm.nih.gov/sos4/sra-pub-zq-5/ERR010/10889/ERR10889826/ERR10889826.lite.1,ERX10333372,,RNA-Seq,cDNA,TRANSCRIPTOMIC,PAIRED,0,0,ILLUMINA,Illumina HiSeq 4000,ERP144157,PRJEB59090,,1006968,ERS14644716,SAMEA112646987,simple,4530,Oryza sativa,SAMEA112646987,,,,,,,no,,,,,"NATIONAL CENTER FOR GENE RESEARCH, CHINESE ACADEMY",ERA20613015,,public,E5383BE16C45BD91B83633A8018BFE5F,7DC41E961B713B8E09A6C835161C6AA1
ERR10889827,2023/8/19 9:13,2023/8/22 17:32,53605605,16081681500,53605605,300,9119,,https://sra-downloadb.be-md.ncbi.nlm.nih.gov/sos4/sra-pub-zq-5/ERR010/10889/ERR10889827/ERR10889827.lite.1,ERX10333373,,RNA-Seq,cDNA,TRANSCRIPTOMIC,PAIRED,0,0,ILLUMINA,Illumina HiSeq 4000,ERP144157,PRJEB59090,,1006968,ERS14644716,SAMEA112646987,simple,4530,Oryza sativa,SAMEA112646987,,,,,,,no,,,,,"NATIONAL CENTER FOR GENE RESEARCH, CHINESE ACADEMY",ERA20613015,,public,CB8FEF5639FEBDFA2F2FB5DA0020200F,3B6E8BF521C6B55EA419FF8F5C4E2426
ERR10889828,2023/8/19 9:13,2023/8/22 17:15,37550975,11265292500,37550975,300,4447,,https://sra-downloadb.be-md.ncbi.nlm.nih.gov/sos4/sra-pub-zq-5/ERR010/10889/ERR10889828/ERR10889828.lite.1,ERX10333374,,RNA-Seq,cDNA,TRANSCRIPTOMIC,PAIRED,0,0,ILLUMINA,Illumina HiSeq 4000,ERP144157,PRJEB59090,,1006968,ERS14644716,SAMEA112646987,simple,4530,Oryza sativa,SAMEA112646987,,,,,,,no,,,,,"NATIONAL CENTER FOR GENE RESEARCH, CHINESE ACADEMY",ERA20613015,,public,F9ABEF846B824EA5EDA224A8044E4527,44B30DE16A0BE1FF53B6000135590B7B
ERR10889829,2023/8/19 9:13,2023/8/22 17:16,50707737,15212321100,50707737,300,6011,,https://sra-downloadb.be-md.ncbi.nlm.nih.gov/sos4/sra-pub-zq-5/ERR010/10889/ERR10889829/ERR10889829.lite.1,ERX10333375,,RNA-Seq,cDNA,TRANSCRIPTOMIC,PAIRED,0,0,ILLUMINA,Illumina HiSeq 4000,ERP144157,PRJEB59090,,1006968,ERS14644716,SAMEA112646987,simple,4530,Oryza sativa,SAMEA112646987,,,,,,,no,,,,,"NATIONAL CENTER FOR GENE RESEARCH, CHINESE ACADEMY",ERA20613015,,public,FA6E982E65B807FC5A28D86506E0CFC9,E5C6ADC7D544AFD6A17F2C9772FB372D
ERR10889830,2023/8/19 9:13,2023/8/22 17:25,49099032,14729709600,49099032,300,8322,,https://sra-downloadb.be-md.ncbi.nlm.nih.gov/sos4/sra-pub-zq-5/ERR010/10889/ERR10889830/ERR10889830.lite.1,ERX10333376,,RNA-Seq,cDNA,TRANSCRIPTOMIC,PAIRED,0,0,ILLUMINA,Illumina HiSeq 4000,ERP144157,PRJEB59090,,1006968,ERS14644716,SAMEA112646987,simple,4530,Oryza sativa,SAMEA112646987,,,,,,,no,,,,,"NATIONAL CENTER FOR GENE RESEARCH, CHINESE ACADEMY",ERA20613015,,public,B763A79B424A1484A6D6B15EC9C6EF03,0E46C30BD940360CA9E36519CD8A4DC0
ERR10889831,2023/8/19 9:13,2023/8/22 17:27,50737948,15221384400,50737948,300,8445,,https://sra-downloadb.be-md.ncbi.nlm.nih.gov/sos4/sra-pub-zq-5/ERR010/10889/ERR10889831/ERR10889831.lite.1,ERX10333377,,RNA-Seq,cDNA,TRANSCRIPTOMIC,PAIRED,0,0,ILLUMINA,Illumina HiSeq 4000,ERP144157,PRJEB59090,,1006968,ERS14644716,SAMEA112646987,simple,4530,Oryza sativa,SAMEA112646987,,,,,,,no,,,,,"NATIONAL CENTER FOR GENE RESEARCH, CHINESE ACADEMY",ERA20613015,,public,0E788B2C1C2D1B8CA878297BB4A49147,2A58AC88B93E2FE49DCC3E4A3F092134
ERR10889832,2023/8/19 9:13,2023/8/22 17:20,36261811,10878543300,36261811,300,6162,,https://sra-downloadb.be-md.ncbi.nlm.nih.gov/sos4/sra-pub-zq-5/ERR010/10889/ERR10889832/ERR10889832.lite.1,ERX10333378,,RNA-Seq,cDNA,TRANSCRIPTOMIC,PAIRED,0,0,ILLUMINA,Illumina HiSeq 4000,ERP144157,PRJEB59090,,1006968,ERS14644716,SAMEA112646987,simple,4530,Oryza sativa,SAMEA112646987,,,,,,,no,,,,,"NATIONAL CENTER FOR GENE RESEARCH, CHINESE ACADEMY",ERA20613015,,public,A16B224ADE391F330A9F7D724B6E7733,AA16518A404799F12A837D5D7C7DCF18
ERR10889833,2023/8/19 9:13,2023/8/22 17:36,74462771,22338831300,74462771,300,12528,,https://sra-downloadb.be-md.ncbi.nlm.nih.gov/sos4/sra-pub-zq-5/ERR010/10889/ERR10889833/ERR10889833.lite.1,ERX10333379,,RNA-Seq,cDNA,TRANSCRIPTOMIC,PAIRED,0,0,ILLUMINA,Illumina HiSeq 4000,ERP144157,PRJEB59090,,1006968,ERS14644716,SAMEA112646987,simple,4530,Oryza sativa,SAMEA112646987,,,,,,,no,,,,,"NATIONAL CENTER FOR GENE RESEARCH, CHINESE ACADEMY",ERA20613015,,public,B24648A32A59277EB5B2933F1D593D91,BF67FABBB6A040E31FB5881717ECC02A
ERR10889834,2023/8/19 9:13,2023/8/22 17:52,90105225,27031567500,90105225,300,14597,,https://sra-downloadb.be-md.ncbi.nlm.nih.gov/sos4/sra-pub-zq-5/ERR010/10889/ERR10889834/ERR10889834.lite.1,ERX10333380,,RNA-Seq,cDNA,TRANSCRIPTOMIC,PAIRED,0,0,ILLUMINA,Illumina HiSeq 4000,ERP144157,PRJEB59090,,1006968,ERS14644716,SAMEA112646987,simple,4530,Oryza sativa,SAMEA112646987,,,,,,,no,,,,,"NATIONAL CENTER FOR GENE RESEARCH, CHINESE ACADEMY",ERA20613015,,public,72967750E6E0AF6B7DBA239BF86F3687,3923FF8F5FD155B010413989CC714165
ERR10889835,2023/8/19 9:13,2023/8/22 17:40,82957550,24887265000,82957550,300,13431,,https://sra-downloadb.be-md.ncbi.nlm.nih.gov/sos4/sra-pub-zq-5/ERR010/10889/ERR10889835/ERR10889835.lite.1,ERX10333381,,RNA-Seq,cDNA,TRANSCRIPTOMIC,PAIRED,0,0,ILLUMINA,Illumina HiSeq 4000,ERP144157,PRJEB59090,,1006968,ERS14644716,SAMEA112646987,simple,4530,Oryza sativa,SAMEA112646987,,,,,,,no,,,,,"NATIONAL CENTER FOR GENE RESEARCH, CHINESE ACADEMY",ERA20613015,,public,BFD0989B904E8A383D4F758A823BD634,329C55554D0BDE1BB4716E7B9D9F1894
ERR10889836,2023/8/19 9:13,2023/8/22 19:53,329222799,98766839700,329222799,300,33033,,https://sra-downloadb.be-md.ncbi.nlm.nih.gov/sos4/sra-pub-zq-5/ERR010/10889/ERR10889836/ERR10889836.lite.1,ERX10333382,,OTHER,RANDOM,GENOMIC,PAIRED,0,0,ILLUMINA,Illumina HiSeq 4000,ERP144157,PRJEB59090,,1006968,ERS14644716,SAMEA112646987,simple,4530,Oryza sativa,SAMEA112646987,,,,,,,no,,,,,"NATIONAL CENTER FOR GENE RESEARCH, CHINESE ACADEMY",ERA20613015,,public,F1BCB1BB3389E1933FC2B80D61551AC3,D8AE8D65EA908694590E61364A992016
ERR10889837,2023/8/19 9:13,2023/8/22 18:18,264385571,79315671300,264385571,300,26042,,https://sra-downloadb.be-md.ncbi.nlm.nih.gov/sos4/sra-pub-zq-5/ERR010/10889/ERR10889837/ERR10889837.lite.1,ERX10333383,,OTHER,RANDOM,GENOMIC,PAIRED,0,0,ILLUMINA,Illumina HiSeq 4000,ERP144157,PRJEB59090,,1006968,ERS14644716,SAMEA112646987,simple,4530,Oryza sativa,SAMEA112646987,,,,,,,no,,,,,"NATIONAL CENTER FOR GENE RESEARCH, CHINESE ACADEMY",ERA20613015,,public,E2E4C0E4289E6E017F4DDB337E6F0656,07F9C6682703C3CC71F5C8E878AB6CBA
ERR10889838,2023/8/19 9:13,2023/8/22 17:29,50521030,15156309000,50521030,300,7401,,https://sra-downloadb.be-md.ncbi.nlm.nih.gov/sos4/sra-pub-zq-5/ERR010/10889/ERR10889838/ERR10889838.lite.1,ERX10333384,,OTHER,RANDOM,GENOMIC,PAIRED,0,0,ILLUMINA,Illumina HiSeq 4000,ERP144157,PRJEB59090,,1006968,ERS14644716,SAMEA112646987,simple,4530,Oryza sativa,SAMEA112646987,,,,,,,no,,,,,"NATIONAL CENTER FOR GENE RESEARCH, CHINESE ACADEMY",ERA20613015,,public,035BE04A3287910077489000C7B86E96,D0B0096EE919B972461241C981B48596
ERR10889839,2023/8/19 9:13,2023/8/22 17:57,160703810,48211143000,160703810,300,23171,,https://sra-downloadb.be-md.ncbi.nlm.nih.gov/sos4/sra-pub-zq-5/ERR010/10889/ERR10889839/ERR10889839.lite.1,ERX10333385,,OTHER,RANDOM,GENOMIC,PAIRED,0,0,ILLUMINA,Illumina HiSeq 4000,ERP144157,PRJEB59090,,1006968,ERS14644716,SAMEA112646987,simple,4530,Oryza sativa,SAMEA112646987,,,,,,,no,,,,,"NATIONAL CENTER FOR GENE RESEARCH, CHINESE ACADEMY",ERA20613015,,public,FD41B0379205ABDC76A5F9310E1108EB,21C7742B60051FE85CFCA55C7448973C
ERR10889840,2023/8/19 9:13,2023/8/22 19:36,258472973,77541891900,258472973,300,43618,,https://sra-downloadb.be-md.ncbi.nlm.nih.gov/sos4/sra-pub-zq-5/ERR010/10889/ERR10889840/ERR10889840.lite.1,ERX10333386,,OTHER,RANDOM,GENOMIC,PAIRED,0,0,ILLUMINA,Illumina HiSeq 4000,ERP144157,PRJEB59090,,1006968,ERS14644716,SAMEA112646987,simple,4530,Oryza sativa,SAMEA112646987,,,,,,,no,,,,,"NATIONAL CENTER FOR GENE RESEARCH, CHINESE ACADEMY",ERA20613015,,public,D59439A7E92BFFD2F0507FE24A5D39ED,A1A1E5BC90D3770C34B161FAF8C84107
ERR10889841,2023/8/19 9:13,2023/8/22 21:05,452280081,1.35684E+11,452280081,300,78834,,https://sra-downloadb.be-md.ncbi.nlm.nih.gov/sos4/sra-pub-zq-5/ERR010/10889/ERR10889841/ERR10889841.lite.1,ERX10333387,,OTHER,RANDOM,GENOMIC,PAIRED,0,0,ILLUMINA,Illumina HiSeq 4000,ERP144157,PRJEB59090,,1006968,ERS14644716,SAMEA112646987,simple,4530,Oryza sativa,SAMEA112646987,,,,,,,no,,,,,"NATIONAL CENTER FOR GENE RESEARCH, CHINESE ACADEMY",ERA20613015,,public,62639779D391775A313C88CFEF4D3478,527C0059ADC94855B367132FD60A52D4
ERR10889842,2023/8/19 9:13,2023/8/22 17:25,52521572,15756471600,52521572,300,8874,,https://sra-downloadb.be-md.ncbi.nlm.nih.gov/sos4/sra-pub-zq-5/ERR010/10889/ERR10889842/ERR10889842.lite.1,ERX10333388,,OTHER,RANDOM,GENOMIC,PAIRED,0,0,ILLUMINA,Illumina HiSeq 4000,ERP144157,PRJEB59090,,1006968,ERS14644716,SAMEA112646987,simple,4530,Oryza sativa,SAMEA112646987,,,,,,,no,,,,,"NATIONAL CENTER FOR GENE RESEARCH, CHINESE ACADEMY",ERA20613015,,public,71C9E50DA9F500E65E62C363E2BC2F34,453BF843903ECC781624C3AC834B43FE
ERR10889843,2023/8/19 9:13,2023/8/22 18:41,63196982,18959094600,63196982,300,10332,,https://sra-downloadb.be-md.ncbi.nlm.nih.gov/sos4/sra-pub-zq-5/ERR010/10889/ERR10889843/ERR10889843.lite.1,ERX10333389,,OTHER,RANDOM,GENOMIC,PAIRED,0,0,ILLUMINA,Illumina HiSeq 4000,ERP144157,PRJEB59090,,1006968,ERS14644716,SAMEA112646987,simple,4530,Oryza sativa,SAMEA112646987,,,,,,,no,,,,,"NATIONAL CENTER FOR GENE RESEARCH, CHINESE ACADEMY",ERA20613015,,public,F41D1D60374BDB80965FB5ACE16952CF,E38872D0221B36D7B4B737FF72F6C7E8
ERR10889846,2023/8/19 9:13,2023/8/22 19:19,259658851,77897655300,259658851,300,25970,,https://sra-downloadb.be-md.ncbi.nlm.nih.gov/sos4/sra-pub-zq-5/ERR010/10889/ERR10889846/ERR10889846.lite.1,ERX10333392,,OTHER,RANDOM,GENOMIC,PAIRED,0,0,ILLUMINA,Illumina HiSeq 4000,ERP144157,PRJEB59090,,1006968,ERS14644716,SAMEA112646987,simple,4530,Oryza sativa,SAMEA112646987,,,,,,,no,,,,,"NATIONAL CENTER FOR GENE RESEARCH, CHINESE ACADEMY",ERA20613015,,public,107BA86CE8473B0745AA1514E353C90D,5404EC8876FDA93F5104B138AF91B039
ERR10889847,2023/8/19 9:13,2023/8/22 19:21,218280211,65484063300,218280211,300,22023,,https://sra-downloadb.be-md.ncbi.nlm.nih.gov/sos4/sra-pub-zq-5/ERR010/10889/ERR10889847/ERR10889847.lite.1,ERX10333393,,OTHER,RANDOM,GENOMIC,PAIRED,0,0,ILLUMINA,Illumina HiSeq 4000,ERP144157,PRJEB59090,,1006968,ERS14644716,SAMEA112646987,simple,4530,Oryza sativa,SAMEA112646987,,,,,,,no,,,,,"NATIONAL CENTER FOR GENE RESEARCH, CHINESE ACADEMY",ERA20613015,,public,D72AB451AF3FD43F99094D5ED3A8847E,4724B22D73BD4BBF6C9B73802100BFDC
ERR10889848,2023/8/19 9:13,2023/8/22 18:36,75208479,22562543700,75208479,300,12395,,https://sra-downloadb.be-md.ncbi.nlm.nih.gov/sos4/sra-pub-zq-5/ERR010/10889/ERR10889848/ERR10889848.lite.1,ERX10333394,,OTHER,RANDOM,GENOMIC,PAIRED,0,0,ILLUMINA,Illumina HiSeq 4000,ERP144157,PRJEB59090,,1006968,ERS14644716,SAMEA112646987,simple,4530,Oryza sativa,SAMEA112646987,,,,,,,no,,,,,"NATIONAL CENTER FOR GENE RESEARCH, CHINESE ACADEMY",ERA20613015,,public,34263D0C1CE18001CA5255FCD77B2B53,E039EB83A7D6606D64F8728A5959AE07
ERR10889849,2023/8/19 9:13,2023/8/22 18:29,52335206,15700561800,52335206,300,8716,,https://sra-downloadb.be-md.ncbi.nlm.nih.gov/sos4/sra-pub-zq-5/ERR010/10889/ERR10889849/ERR10889849.lite.1,ERX10333395,,OTHER,RANDOM,GENOMIC,PAIRED,0,0,ILLUMINA,Illumina HiSeq 4000,ERP144157,PRJEB59090,,1006968,ERS14644716,SAMEA112646987,simple,4530,Oryza sativa,SAMEA112646987,,,,,,,no,,,,,"NATIONAL CENTER FOR GENE RESEARCH, CHINESE ACADEMY",ERA20613015,,public,35F6CFF345A3A157C7BC9F9A31A2E13D,E03CC25FA8CD9DC44A98A316924FEEC8
ERR10889850,2023/8/19 9:13,2023/8/22 18:53,157287584,47186275200,157287584,300,17276,,https://sra-downloadb.be-md.ncbi.nlm.nih.gov/sos4/sra-pub-zq-5/ERR010/10889/ERR10889850/ERR10889850.lite.1,ERX10333396,,OTHER,RANDOM,GENOMIC,PAIRED,0,0,ILLUMINA,Illumina HiSeq 4000,ERP144157,PRJEB59090,,1006968,ERS14644716,SAMEA112646987,simple,4530,Oryza sativa,SAMEA112646987,,,,,,,no,,,,,"NATIONAL CENTER FOR GENE RESEARCH, CHINESE ACADEMY",ERA20613015,,public,E7A86250D34C82768C2CD265AD6C01CA,44CA582A87C1B33C346A69DF1BA23BA7
ERR10889851,2023/8/19 9:13,2023/8/22 19:00,122301578,36690473400,122301578,300,14042,,https://sra-downloadb.be-md.ncbi.nlm.nih.gov/sos4/sra-pub-zq-5/ERR010/10889/ERR10889851/ERR10889851.lite.1,ERX10333397,,OTHER,RANDOM,GENOMIC,PAIRED,0,0,ILLUMINA,Illumina HiSeq 4000,ERP144157,PRJEB59090,,1006968,ERS14644716,SAMEA112646987,simple,4530,Oryza sativa,SAMEA112646987,,,,,,,no,,,,,"NATIONAL CENTER FOR GENE RESEARCH, CHINESE ACADEMY",ERA20613015,,public,6043DDA2F1E60C867B19D71E8CC16F62,D57B4579AEBBB6200D43485981BC6CA5
ERR10889852,2023/8/19 9:13,2023/8/22 18:26,63551657,19065497100,63551657,300,10606,,https://sra-downloadb.be-md.ncbi.nlm.nih.gov/sos4/sra-pub-zq-5/ERR010/10889/ERR10889852/ERR10889852.lite.1,ERX10333398,,OTHER,RANDOM,GENOMIC,PAIRED,0,0,ILLUMINA,Illumina HiSeq 4000,ERP144157,PRJEB59090,,1006968,ERS14644716,SAMEA112646987,simple,4530,Oryza sativa,SAMEA112646987,,,,,,,no,,,,,"NATIONAL CENTER FOR GENE RESEARCH, CHINESE ACADEMY",ERA20613015,,public,B73EA3E5F663CB964EFE1B71A0D73ED9,9421AC24FE12AF9ABE3EF0DC374A39D9
ERR10889853,2023/8/19 9:13,2023/8/22 18:32,56575131,16972539300,56575131,300,9264,,https://sra-downloadb.be-md.ncbi.nlm.nih.gov/sos4/sra-pub-zq-5/ERR010/10889/ERR10889853/ERR10889853.lite.1,ERX10333399,,OTHER,RANDOM,GENOMIC,PAIRED,0,0,ILLUMINA,Illumina HiSeq 4000,ERP144157,PRJEB59090,,1006968,ERS14644716,SAMEA112646987,simple,4530,Oryza sativa,SAMEA112646987,,,,,,,no,,,,,"NATIONAL CENTER FOR GENE RESEARCH, CHINESE ACADEMY",ERA20613015,,public,A5366F20BF4B3FADD81A5FA6D9D41D3D,6AD02817C4022C7E5FB454B41B6B515E
ERR10889854,2023/8/19 9:13,2023/8/22 18:52,81245208,24373562400,81245208,300,14144,,https://sra-downloadb.be-md.ncbi.nlm.nih.gov/sos4/sra-pub-zq-5/ERR010/10889/ERR10889854/ERR10889854.lite.1,ERX10333400,,OTHER,RANDOM,GENOMIC,PAIRED,0,0,ILLUMINA,Illumina HiSeq 4000,ERP144157,PRJEB59090,,1006968,ERS14644716,SAMEA112646987,simple,4530,Oryza sativa,SAMEA112646987,,,,,,,no,,,,,"NATIONAL CENTER FOR GENE RESEARCH, CHINESE ACADEMY",ERA20613015,,public,EE081E7087EAE1C7944A52CBA5FDDE60,892E1D2E1F05AB8D78F82B4F4DBF4EEE
ERR10889855,2023/8/19 9:13,2023/8/22 18:40,59359643,17807892900,59359643,300,9663,,https://sra-downloadb.be-md.ncbi.nlm.nih.gov/sos4/sra-pub-zq-5/ERR010/10889/ERR10889855/ERR10889855.lite.1,ERX10333401,,OTHER,RANDOM,GENOMIC,PAIRED,0,0,ILLUMINA,Illumina HiSeq 4000,ERP144157,PRJEB59090,,1006968,ERS14644716,SAMEA112646987,simple,4530,Oryza sativa,SAMEA112646987,,,,,,,no,,,,,"NATIONAL CENTER FOR GENE RESEARCH, CHINESE ACADEMY",ERA20613015,,public,FA7462A86C134F263216033593464398,A460202C0354FCF2F075AF92ED89B555
ERR11535564,2023/9/16 21:36,2023/10/26 16:32,18769154,5668284508,18769154,302,1884,,https://sra-downloadb.be-md.ncbi.nlm.nih.gov/sos9/sra-pub-zq-924/ERR011/11535/ERR11535564/ERR11535564.lite.1,ERX10939669,eccDNA_Aan,OTHER,RANDOM,OTHER,PAIRED,0,0,ILLUMINA,Illumina NovaSeq 6000,ERP148217,PRJEB63080,,996443,ERS15580228,SAMEA113585590,simple,35608,Artemisia annua,SAMEA113585590,,,,,,,no,,,,,TU DRESDEN,ERA23758953,,public,07A9C6E1C4860BFD45C1A4C602918D5B,4657D38DB6377BC3E8CABA2B327E0D45
ERR11535565,2023/9/16 21:36,2023/10/26 16:28,20200632,6100590864,20200632,302,2029,,https://sra-downloadb.be-md.ncbi.nlm.nih.gov/sos9/sra-pub-zq-924/ERR011/11535/ERR11535565/ERR11535565.lite.1,ERX10939670,eccDNA_Aan_nc,OTHER,RANDOM,OTHER,PAIRED,0,0,ILLUMINA,Illumina NovaSeq 6000,ERP148217,PRJEB63080,,996443,ERS15580228,SAMEA113585590,simple,35608,Artemisia annua,SAMEA113585590,,,,,,,no,,,,,TU DRESDEN,ERA23758953,,public,9679CB9DD38B4F37AF162FE1C9E0D79C,3DC556B4D67D656D69AC95F4781E7297
ERR11535567,2023/9/16 21:36,2023/10/26 16:29,20357622,6148001844,20357622,302,2063,,https://sra-downloadb.be-md.ncbi.nlm.nih.gov/sos9/sra-pub-zq-924/ERR011/11535/ERR11535567/ERR11535567.lite.1,ERX10939672,eccDNA_Tpo,OTHER,RANDOM,OTHER,PAIRED,0,0,ILLUMINA,Illumina NovaSeq 6000,ERP148217,PRJEB63080,,996443,ERS15580229,SAMEA113585591,simple,13731,Tragopogon porrifolius,SAMEA113585591,,,,,,,no,,,,,TU DRESDEN,ERA23758953,,public,B7E2803E515AEC046526F3E78D2E06EE,3DC7D2EDAF366140B71F0E96038F1D1F
ERR11535568,2023/9/16 21:36,2023/10/5 4:13,18569929,5608118558,18569929,302,1876,,https://sra-downloadb.be-md.ncbi.nlm.nih.gov/sos1/sra-pub-zq-38/ERR011/11535/ERR11535568/ERR11535568.lite.1,ERX10939673,eccDNA_Tpo_nc,OTHER,RANDOM,OTHER,PAIRED,0,0,ILLUMINA,Illumina NovaSeq 6000,ERP148217,PRJEB63080,,996443,ERS15580229,SAMEA113585591,simple,13731,Tragopogon porrifolius,SAMEA113585591,,,,,,,no,,,,,TU DRESDEN,ERA23758953,,public,EEECBFF1F4E05FC155CEC1D39F5AE1A6,A02E71276C28E732EF207E79102E5BC8
ERR11838731,2023/8/28 17:10,2023/8/29 14:04,404251,7548320019,0,18672,5702,,https://sra-downloadb.be-md.ncbi.nlm.nih.gov/sos4/sra-pub-run-30/ERR011/11838/ERR11838731/ERR11838731.1,ERX11236854,NIP,WGS,RANDOM,GENOMIC,SINGLE,0,0,PACBIO_SMRT,PacBio RS II,ERP144157,PRJEB59090,,1006968,ERS14644716,SAMEA112646987,simple,4530,Oryza sativa,SAMEA112646987,,,,,,,no,,,,,"NATIONAL CENTER FOR GENE RESEARCH, CHINESE ACADEMY",ERA26753561,,public,A5F06F72D7E0A99472033DF36853492A,C0BF4C4C896FBA42D160339D6D5C01D8
ERR11838732,2023/8/28 17:10,2023/8/29 14:47,156709160,31341832000,156709160,200,22677,,https://sra-downloadb.be-md.ncbi.nlm.nih.gov/sos4/sra-pub-zq-7/ERR011/11838/ERR11838732/ERR11838732.lite.1,ERX11236855,,WGS,RANDOM,GENOMIC,PAIRED,0,0,ILLUMINA,Illumina HiSeq 2500,ERP144157,PRJEB59090,,1006968,ERS14644716,SAMEA112646987,simple,4530,Oryza sativa,SAMEA112646987,,,,,,,no,,,,,"NATIONAL CENTER FOR GENE RESEARCH, CHINESE ACADEMY",ERA26753574,,public,C7703821B043CBD3032A9E4257B02881,5044740628A19ED07206A818E82EB5E3
ERR12389800,2023/12/27 23:19,2023/12/31 2:32,156507796,47241087202,156507796,301,14190,,https://sra-downloadb.be-md.ncbi.nlm.nih.gov/sos9/sra-pub-zq-922/ERR012/12389/ERR12389800/ERR12389800.lite.1,ERX11765924,,OTHER,RANDOM,GENOMIC,PAIRED,0,0,ILLUMINA,Illumina HiSeq 4000,ERP144157,PRJEB59090,,1006968,ERS14644716,SAMEA112646987,simple,4530,Oryza sativa,SAMEA112646987,,,,,,,no,,,,,"NATIONAL CENTER FOR GENE RESEARCH, CHINESE ACADEMY",ERA27754839,,public,65F8EE7DB0F86375EED27D8E5E3E65F8,C6C586CEFE12EFE7221B4514A6548B37
ERR12389801,2023/12/28 4:16,2023/12/31 7:28,154539362,46653808536,154539362,301,13764,,https://sra-downloadb.be-md.ncbi.nlm.nih.gov/sos9/sra-pub-zq-922/ERR012/12389/ERR12389801/ERR12389801.lite.1,ERX11765925,,OTHER,RANDOM,GENOMIC,PAIRED,0,0,ILLUMINA,Illumina HiSeq 4000,ERP144157,PRJEB59090,,1006968,ERS14644716,SAMEA112646987,simple,4530,Oryza sativa,SAMEA112646987,,,,,,,no,,,,,"NATIONAL CENTER FOR GENE RESEARCH, CHINESE ACADEMY",ERA27754839,,public,D4E5810CE3A637E4F3196E0B5B832A8C,15346B83559E028EA53B5CEDD8ABE1EE
ERR12389802,2023/12/27 23:24,2023/12/31 1:54,151718397,45669258006,151718397,301,14219,,https://sra-downloadb.be-md.ncbi.nlm.nih.gov/sos9/sra-pub-zq-922/ERR012/12389/ERR12389802/ERR12389802.lite.1,ERX11765926,,OTHER,RANDOM,GENOMIC,PAIRED,0,0,ILLUMINA,Illumina HiSeq 4000,ERP144157,PRJEB59090,,1006968,ERS14644716,SAMEA112646987,simple,4530,Oryza sativa,SAMEA112646987,,,,,,,no,,,,,"NATIONAL CENTER FOR GENE RESEARCH, CHINESE ACADEMY",ERA27754839,,public,9CE1D20D6C28254C3BBE906185BADAE8,1E1B2377C2ABE9426F6FD85A42DD82AF
ERR12389803,2023/12/27 23:24,2023/12/31 2:32,142519890,42970060886,142519890,301,12745,,https://sra-downloadb.be-md.ncbi.nlm.nih.gov/sos9/sra-pub-zq-922/ERR012/12389/ERR12389803/ERR12389803.lite.1,ERX11765927,,OTHER,RANDOM,GENOMIC,PAIRED,0,0,ILLUMINA,Illumina HiSeq 4000,ERP144157,PRJEB59090,,1006968,ERS14644716,SAMEA112646987,simple,4530,Oryza sativa,SAMEA112646987,,,,,,,no,,,,,"NATIONAL CENTER FOR GENE RESEARCH, CHINESE ACADEMY",ERA27754839,,public,1F4D8888B5476A3A7E8B0D52B325A80F,7745D6453567D9926D0EC7C774EE879F
ERR12389804,2023/12/28 4:16,2023/12/31 7:12,151976966,45744696212,151976966,300,14019,,https://sra-downloadb.be-md.ncbi.nlm.nih.gov/sos9/sra-pub-zq-922/ERR012/12389/ERR12389804/ERR12389804.lite.1,ERX11765928,,OTHER,RANDOM,GENOMIC,PAIRED,0,0,ILLUMINA,Illumina HiSeq 4000,ERP144157,PRJEB59090,,1006968,ERS14644716,SAMEA112646987,simple,4530,Oryza sativa,SAMEA112646987,,,,,,,no,,,,,"NATIONAL CENTER FOR GENE RESEARCH, CHINESE ACADEMY",ERA27754839,,public,3154E23C2DBCA185F762A3D3EB7D51DD,97A8F53E660DFCB0938A48D2161C3D9B
ERR12389805,2023/12/28 3:48,2023/12/31 7:24,142552175,42961480948,142552175,301,12971,,https://sra-downloadb.be-md.ncbi.nlm.nih.gov/sos9/sra-pub-zq-922/ERR012/12389/ERR12389805/ERR12389805.lite.1,ERX11765929,,OTHER,RANDOM,GENOMIC,PAIRED,0,0,ILLUMINA,Illumina HiSeq 4000,ERP144157,PRJEB59090,,1006968,ERS14644716,SAMEA112646987,simple,4530,Oryza sativa,SAMEA112646987,,,,,,,no,,,,,"NATIONAL CENTER FOR GENE RESEARCH, CHINESE ACADEMY",ERA27754839,,public,EFE68B1D34642893297EBBEE3F05D6B9,4C12CC28201CF74C248992F7116C0207
ERR12389806,2023/12/27 23:19,2023/12/31 2:29,163949815,49315491322,163949815,300,15186,,https://sra-downloadb.be-md.ncbi.nlm.nih.gov/sos9/sra-pub-zq-922/ERR012/12389/ERR12389806/ERR12389806.lite.1,ERX11765930,,OTHER,RANDOM,GENOMIC,PAIRED,0,0,ILLUMINA,Illumina HiSeq 4000,ERP144157,PRJEB59090,,1006968,ERS14644716,SAMEA112646987,simple,4530,Oryza sativa,SAMEA112646987,,,,,,,no,,,,,"NATIONAL CENTER FOR GENE RESEARCH, CHINESE ACADEMY",ERA27754839,,public,173275234D50366D48E3F6A224853480,C515906D70EE780F1DCDA4DB250D7275
ERR12389807,2023/12/27 22:43,2023/12/31 2:08,158804811,47895794220,158804811,301,14666,,https://sra-downloadb.be-md.ncbi.nlm.nih.gov/sos9/sra-pub-zq-922/ERR012/12389/ERR12389807/ERR12389807.lite.1,ERX11765931,,OTHER,RANDOM,GENOMIC,PAIRED,0,0,ILLUMINA,Illumina HiSeq 4000,ERP144157,PRJEB59090,,1006968,ERS14644716,SAMEA112646987,simple,4530,Oryza sativa,SAMEA112646987,,,,,,,no,,,,,"NATIONAL CENTER FOR GENE RESEARCH, CHINESE ACADEMY",ERA27754839,,public,65B3735B70E3BAB8BBC3FBAAEDBBC4C5,6A334A6672D3A80D798E72AC48080116
ERR12389808,2023/12/27 23:24,2024/1/1 2:04,157606034,47572361026,157606034,301,14054,,https://sra-downloadb.be-md.ncbi.nlm.nih.gov/sos9/sra-pub-zq-922/ERR012/12389/ERR12389808/ERR12389808.lite.1,ERX11765932,,OTHER,RANDOM,GENOMIC,PAIRED,0,0,ILLUMINA,Illumina HiSeq 4000,ERP144157,PRJEB59090,,1006968,ERS14644716,SAMEA112646987,simple,4530,Oryza sativa,SAMEA112646987,,,,,,,no,,,,,"NATIONAL CENTER FOR GENE RESEARCH, CHINESE ACADEMY",ERA27754839,,public,8EEAE9A90EA1B77F7657ED0CEAA17F59,5867EEF565788592009E8920BA78F42B
ERR12723706,2024/12/31 23:06,2025/2/15 8:16,4872695,71474525009,0,14668,58950,,https://sra-downloadb.be-md.ncbi.nlm.nih.gov/sos7/sra-pub-run-38/ERR012/12723/ERR12723706/ERR12723706.1,ERX12098247,Arina_G,WGS,size fractionation,GENOMIC,SINGLE,0,0,OXFORD_NANOPORE,PromethION,ERP157467,PRJEB72688,,1204689,ERS18289144,SAMEA115294641,simple,4565,Triticum aestivum,Ta_WGS,,,,,,,no,,,,,AGROSCOPE,ERA29264021,,public,F7628040462BDA125A40977F85557C04,6A0EAFA79A573CA74BC52A1D634070F7
ERR12723707,2025/1/1 0:47,2025/2/16 1:30,4105837,80940383514,0,19713,66917,,https://sra-downloadb.be-md.ncbi.nlm.nih.gov/sos7/sra-pub-run-38/ERR012/12723/ERR12723707/ERR12723707.1,ERX12098248,Arina_G,WGS,size fractionation,GENOMIC,SINGLE,0,0,OXFORD_NANOPORE,PromethION,ERP157467,PRJEB72688,,1204689,ERS18289144,SAMEA115294641,simple,4565,Triticum aestivum,Ta_WGS,,,,,,,no,,,,,AGROSCOPE,ERA29264021,,public,1049F5BD7D2FA2E4D9F508D0D55EAB3C,CD1A9F560036D3777E33F3F8E60170A2
ERR12723708,2024/12/31 22:52,2025/2/15 11:32,3301864,74212450388,0,22475,62050,,https://sra-downloadb.be-md.ncbi.nlm.nih.gov/sos7/sra-pub-run-38/ERR012/12723/ERR12723708/ERR12723708.1,ERX12098249,Arina_G,WGS,size fractionation,GENOMIC,SINGLE,0,0,OXFORD_NANOPORE,PromethION,ERP157467,PRJEB72688,,1204689,ERS18289144,SAMEA115294641,simple,4565,Triticum aestivum,Ta_WGS,,,,,,,no,,,,,AGROSCOPE,ERA29264021,,public,83CF32F4CA6A1C4CF783784968320B5E,699AF5880E30DE179BF17211D6C0813E
ERR12724336,2024/12/31 22:42,2025/2/24 1:24,542330,990408707,0,1826,867,,https://sra-downloadb.be-md.ncbi.nlm.nih.gov/sos7/sra-pub-run-38/ERR012/12724/ERR12724336/ERR12724336.1,ERX12098835,eccDNA-seq,OTHER,RANDOM PCR,GENOMIC,SINGLE,0,0,OXFORD_NANOPORE,PromethION,ERP157467,PRJEB72688,,1204689,ERS18289157,SAMEA115294654,simple,4565,Triticum aestivum,Ta_RIL_eccDNA1,,,,,,,no,,,,,AGROSCOPE,ERA29264821,,public,6AD57BC96B99FBDB623E53CF404EF39C,CFC56A8FAB8BB5B3AA1B4B83281D5E7C
ERR12724337,2024/12/31 22:52,2025/2/15 0:45,652221,1104860158,0,1693,970,,https://sra-downloadb.be-md.ncbi.nlm.nih.gov/sos7/sra-pub-run-38/ERR012/12724/ERR12724337/ERR12724337.1,ERX12098836,eccDNA-seq,OTHER,RANDOM PCR,GENOMIC,SINGLE,0,0,OXFORD_NANOPORE,PromethION,ERP157467,PRJEB72688,,1204689,ERS18289158,SAMEA115294655,simple,4565,Triticum aestivum,Ta_RIL_eccDNA2,,,,,,,no,,,,,AGROSCOPE,ERA29264821,,public,8D5227CA8EA201E88A330D8CCE0A8C21,3F6044ED439A71DA3323943856CFC7BA
ERR12724338,2024/12/31 22:52,2025/2/15 9:44,665928,1054978479,0,1584,928,,https://sra-downloadb.be-md.ncbi.nlm.nih.gov/sos7/sra-pub-run-38/ERR012/12724/ERR12724338/ERR12724338.1,ERX12098837,eccDNA-seq,OTHER,RANDOM PCR,GENOMIC,SINGLE,0,0,OXFORD_NANOPORE,PromethION,ERP157467,PRJEB72688,,1204689,ERS18289159,SAMEA115294656,simple,4565,Triticum aestivum,Ta_RIL_eccDNA3,,,,,,,no,,,,,AGROSCOPE,ERA29264821,,public,A9764AC8E7E740C041372E1B79D2E693,F2CC5FC6D603EC265B565AB58C901EFD
ERR12724339,2024/12/31 22:09,2025/3/2 12:11,560303,1194276293,0,2131,1044,,https://sra-downloadb.be-md.ncbi.nlm.nih.gov/sos7/sra-pub-run-38/ERR012/12724/ERR12724339/ERR12724339.1,ERX12098838,eccDNA-seq,OTHER,RANDOM PCR,GENOMIC,SINGLE,0,0,OXFORD_NANOPORE,PromethION,ERP157467,PRJEB72688,,1204689,ERS18289160,SAMEA115294657,simple,4565,Triticum aestivum,Ta_RIL_eccDNA4,,,,,,,no,,,,,AGROSCOPE,ERA29264821,,public,51FE4D4F656D0EE65743942D9D574C02,752F24AF0D679639C53617381FED2BD1
ERR12724340,2024/12/31 23:00,2025/2/15 0:50,470493,735666357,0,1563,647,,https://sra-downloadb.be-md.ncbi.nlm.nih.gov/sos7/sra-pub-run-38/ERR012/12724/ERR12724340/ERR12724340.1,ERX12098839,eccDNA-seq,OTHER,RANDOM PCR,GENOMIC,SINGLE,0,0,OXFORD_NANOPORE,PromethION,ERP157467,PRJEB72688,,1204689,ERS18289161,SAMEA115294658,simple,4565,Triticum aestivum,Ta_RIL_eccDNA5,,,,,,,no,,,,,AGROSCOPE,ERA29264821,,public,7AF17D4FBB2331BD261783D5BF66D87A,4203F368A6E76D06D3CB207B290DCB8D
ERR12724341,2025/1/1 0:29,2025/2/15 8:35,514226,850497073,0,1653,748,,https://sra-downloadb.be-md.ncbi.nlm.nih.gov/sos7/sra-pub-run-38/ERR012/12724/ERR12724341/ERR12724341.1,ERX12098840,eccDNA-seq,OTHER,RANDOM PCR,GENOMIC,SINGLE,0,0,OXFORD_NANOPORE,PromethION,ERP157467,PRJEB72688,,1204689,ERS18289162,SAMEA115294659,simple,4565,Triticum aestivum,Ta_RIL_eccDNA6,,,,,,,no,,,,,AGROSCOPE,ERA29264821,,public,DFBE4CC3CF743752593AB67E1B1068C2,AB717755D50A821D1D1EAEAE651015EA
ERR12724342,2025/1/1 1:02,2025/2/15 16:52,589227,1038150258,0,1761,910,,https://sra-downloadb.be-md.ncbi.nlm.nih.gov/sos7/sra-pub-run-38/ERR012/12724/ERR12724342/ERR12724342.1,ERX12098841,eccDNA-seq,OTHER,RANDOM PCR,GENOMIC,SINGLE,0,0,OXFORD_NANOPORE,PromethION,ERP157467,PRJEB72688,,1204689,ERS18289163,SAMEA115294660,simple,4565,Triticum aestivum,Ta_RIL_eccDNA7,,,,,,,no,,,,,AGROSCOPE,ERA29264821,,public,80C2D4F139AF0192FF7C9D9BB3308BD2,EBB894668F5705E6FF6D60A2AB02ECD1
ERR12724343,2025/1/1 0:24,2025/2/15 8:30,387329,634617308,0,1638,557,,https://sra-downloadb.be-md.ncbi.nlm.nih.gov/sos7/sra-pub-run-38/ERR012/12724/ERR12724343/ERR12724343.1,ERX12098842,eccDNA-seq,OTHER,RANDOM PCR,GENOMIC,SINGLE,0,0,OXFORD_NANOPORE,PromethION,ERP157467,PRJEB72688,,1204689,ERS18289165,SAMEA115294661,simple,4565,Triticum aestivum,Ta_RIL_eccDNA8,,,,,,,no,,,,,AGROSCOPE,ERA29264821,,public,8AF4D7CDFA7CBA435A1DF5FFEC06D80F,D9E40D312C2362F990564ABC34EB7B30
ERR12724344,2025/1/1 0:56,2025/2/16 0:00,749724,1507440249,0,2010,1317,,https://sra-downloadb.be-md.ncbi.nlm.nih.gov/sos7/sra-pub-run-38/ERR012/12724/ERR12724344/ERR12724344.1,ERX12098843,eccDNA-seq,OTHER,RANDOM PCR,GENOMIC,SINGLE,0,0,OXFORD_NANOPORE,PromethION,ERP157467,PRJEB72688,,1204689,ERS18289166,SAMEA115294662,simple,4565,Triticum aestivum,Ta_RIL_eccDNA9,,,,,,,no,,,,,AGROSCOPE,ERA29264821,,public,BF2E44DB7D83E84862D54CCD67A383A3,B2056C5CEE6489811FEF4C1884C812E2
ERR12724345,2024/12/31 23:00,2025/2/15 0:46,430928,722527199,0,1676,636,,https://sra-downloadb.be-md.ncbi.nlm.nih.gov/sos7/sra-pub-run-38/ERR012/12724/ERR12724345/ERR12724345.1,ERX12098844,eccDNA-seq,OTHER,RANDOM PCR,GENOMIC,SINGLE,0,0,OXFORD_NANOPORE,PromethION,ERP157467,PRJEB72688,,1204689,ERS18289167,SAMEA115294663,simple,4565,Triticum aestivum,Ta_RIL_eccDNA10,,,,,,,no,,,,,AGROSCOPE,ERA29264821,,public,031801931E74E34A19859726C67B2CBF,A39B7C2D4AEFA5AEDF2A9674596D1DAE
ERR12724346,2024/12/31 23:00,2025/2/15 9:50,789874,1449423520,0,1835,1273,,https://sra-downloadb.be-md.ncbi.nlm.nih.gov/sos7/sra-pub-run-38/ERR012/12724/ERR12724346/ERR12724346.1,ERX12098845,eccDNA-seq,OTHER,RANDOM PCR,GENOMIC,SINGLE,0,0,OXFORD_NANOPORE,PromethION,ERP157467,PRJEB72688,,1204689,ERS18289168,SAMEA115294664,simple,4565,Triticum aestivum,Ta_RIL_eccDNA11,,,,,,,no,,,,,AGROSCOPE,ERA29264821,,public,C8F92E02A1AF4F23D716870AC2F1B652,CBD97EE0859E87A47DD4363275048381
ERR12724347,2024/12/31 23:06,2025/2/15 3:42,383483,615481439,0,1604,542,,https://sra-downloadb.be-md.ncbi.nlm.nih.gov/sos7/sra-pub-run-38/ERR012/12724/ERR12724347/ERR12724347.1,ERX12098846,eccDNA-seq,OTHER,RANDOM PCR,GENOMIC,SINGLE,0,0,OXFORD_NANOPORE,PromethION,ERP157467,PRJEB72688,,1204689,ERS18289169,SAMEA115294665,simple,4565,Triticum aestivum,Ta_RIL_eccDNA12,,,,,,,no,,,,,AGROSCOPE,ERA29264821,,public,A248B2B74C16DABD4CE943F5036D0126,561CB62505149E78AC365DA9C55A37F6
ERR12724348,2025/1/1 0:47,2025/2/15 23:36,717571,1182843283,0,1648,1041,,https://sra-downloadb.be-md.ncbi.nlm.nih.gov/sos7/sra-pub-run-38/ERR012/12724/ERR12724348/ERR12724348.1,ERX12098847,eccDNA-seq,OTHER,RANDOM PCR,GENOMIC,SINGLE,0,0,OXFORD_NANOPORE,PromethION,ERP157467,PRJEB72688,,1204689,ERS18289170,SAMEA115294666,simple,4565,Triticum aestivum,Ta_RIL_eccDNA13,,,,,,,no,,,,,AGROSCOPE,ERA29264821,,public,9E6A60EEB56D054FB736D32CDFE3C24C,E308D9FE2D5D5590889FA42158E53158
ERR12724349,2025/1/1 0:56,2025/2/15 23:47,665067,908915439,0,1366,802,,https://sra-downloadb.be-md.ncbi.nlm.nih.gov/sos7/sra-pub-run-38/ERR012/12724/ERR12724349/ERR12724349.1,ERX12098848,eccDNA-seq,OTHER,RANDOM PCR,GENOMIC,SINGLE,0,0,OXFORD_NANOPORE,PromethION,ERP157467,PRJEB72688,,1204689,ERS18289171,SAMEA115294667,simple,4565,Triticum aestivum,Ta_RIL_eccDNA14,,,,,,,no,,,,,AGROSCOPE,ERA29264821,,public,2402C2116068E13627AA329F86FEEC05,F5E6D5AFC14AE2809908496933E70FFF
ERR12724350,2025/1/1 0:47,2025/2/15 11:21,515665,739050862,0,1433,651,,https://sra-downloadb.be-md.ncbi.nlm.nih.gov/sos7/sra-pub-run-38/ERR012/12724/ERR12724350/ERR12724350.1,ERX12098849,eccDNA-seq,OTHER,RANDOM PCR,GENOMIC,SINGLE,0,0,OXFORD_NANOPORE,PromethION,ERP157467,PRJEB72688,,1204689,ERS18289172,SAMEA115294668,simple,4565,Triticum aestivum,Ta_RIL_eccDNA15,,,,,,,no,,,,,AGROSCOPE,ERA29264821,,public,393A6A36899C7B0307122761EAA570E3,860217194AE7C1F5120E9D45539F4248
ERR12724351,2025/1/1 0:56,2025/2/15 23:52,499485,848816099,0,1699,746,,https://sra-downloadb.be-md.ncbi.nlm.nih.gov/sos7/sra-pub-run-38/ERR012/12724/ERR12724351/ERR12724351.1,ERX12098850,eccDNA-seq,OTHER,RANDOM PCR,GENOMIC,SINGLE,0,0,OXFORD_NANOPORE,PromethION,ERP157467,PRJEB72688,,1204689,ERS18289173,SAMEA115294669,simple,4565,Triticum aestivum,Ta_RIL_eccDNA16,,,,,,,no,,,,,AGROSCOPE,ERA29264821,,public,36CE796764C8E9EFC2513EB42E2D8325,1AD395A5DEFE4395827BCF56C007680C
ERR12724352,2025/1/1 0:40,2025/2/15 11:14,631171,982482445,0,1556,868,,https://sra-downloadb.be-md.ncbi.nlm.nih.gov/sos7/sra-pub-run-38/ERR012/12724/ERR12724352/ERR12724352.1,ERX12098851,eccDNA-seq,OTHER,RANDOM PCR,GENOMIC,SINGLE,0,0,OXFORD_NANOPORE,PromethION,ERP157467,PRJEB72688,,1204689,ERS18289174,SAMEA115294670,simple,4565,Triticum aestivum,Ta_RIL_eccDNA17,,,,,,,no,,,,,AGROSCOPE,ERA29264821,,public,EA18F7081B34CFEFE2D1ECF97C3A732D,6D15444E81045C26C8B7F2C7053AC828
ERR12724353,2024/12/31 22:52,2025/2/15 9:44,547514,1155561406,0,2110,1014,,https://sra-downloadb.be-md.ncbi.nlm.nih.gov/sos7/sra-pub-run-38/ERR012/12724/ERR12724353/ERR12724353.1,ERX12098852,eccDNA-seq,OTHER,RANDOM PCR,GENOMIC,SINGLE,0,0,OXFORD_NANOPORE,PromethION,ERP157467,PRJEB72688,,1204689,ERS18289175,SAMEA115294671,simple,4565,Triticum aestivum,Ta_RIL_eccDNA18,,,,,,,no,,,,,AGROSCOPE,ERA29264821,,public,2D9F374CB757C267600464E856D0A942,EA117345BC1889DF4A8282007944FE1A
ERR12724354,2025/1/1 0:47,2025/2/15 23:45,565664,954999808,0,1688,842,,https://sra-downloadb.be-md.ncbi.nlm.nih.gov/sos7/sra-pub-run-38/ERR012/12724/ERR12724354/ERR12724354.1,ERX12098853,eccDNA-seq,OTHER,RANDOM PCR,GENOMIC,SINGLE,0,0,OXFORD_NANOPORE,PromethION,ERP157467,PRJEB72688,,1204689,ERS18289176,SAMEA115294672,simple,4565,Triticum aestivum,Ta_RIL_eccDNA19,,,,,,,no,,,,,AGROSCOPE,ERA29264821,,public,950059CF296D213A6E56D89ADAACB3C1,CDD090593EB4F2777FF622BE1474B626
ERR12724355,2025/1/1 0:47,2025/2/24 1:16,446778,726180684,0,1625,640,,https://sra-downloadb.be-md.ncbi.nlm.nih.gov/sos7/sra-pub-run-38/ERR012/12724/ERR12724355/ERR12724355.1,ERX12098854,eccDNA-seq,OTHER,RANDOM PCR,GENOMIC,SINGLE,0,0,OXFORD_NANOPORE,PromethION,ERP157467,PRJEB72688,,1204689,ERS18289177,SAMEA115294673,simple,4565,Triticum aestivum,Ta_RIL_eccDNA20,,,,,,,no,,,,,AGROSCOPE,ERA29264821,,public,76603E0A7092E6786EE343D6283EC1BE,59AD607EBEF0491866410746975690DA
ERR12724356,2024/12/31 23:00,2025/2/15 0:50,649372,988977999,0,1522,873,,https://sra-downloadb.be-md.ncbi.nlm.nih.gov/sos7/sra-pub-run-38/ERR012/12724/ERR12724356/ERR12724356.1,ERX12098855,eccDNA-seq,OTHER,RANDOM PCR,GENOMIC,SINGLE,0,0,OXFORD_NANOPORE,PromethION,ERP157467,PRJEB72688,,1204689,ERS18289178,SAMEA115294674,simple,4565,Triticum aestivum,Ta_RIL_eccDNA21,,,,,,,no,,,,,AGROSCOPE,ERA29264821,,public,B7F36C24B7617D6EC3FFF5D51AC0EA7A,060DC1260CE6CEDBD2AD8503CF49A215
ERR12724357,2024/12/31 22:52,2025/2/24 1:24,684725,1070124025,0,1562,943,,https://sra-downloadb.be-md.ncbi.nlm.nih.gov/sos7/sra-pub-run-38/ERR012/12724/ERR12724357/ERR12724357.1,ERX12098856,eccDNA-seq,OTHER,RANDOM PCR,GENOMIC,SINGLE,0,0,OXFORD_NANOPORE,PromethION,ERP157467,PRJEB72688,,1204689,ERS18289179,SAMEA115294675,simple,4565,Triticum aestivum,Ta_RIL_eccDNA22,,,,,,,no,,,,,AGROSCOPE,ERA29264821,,public,8BE85F70E75EEF3392D26733288221BD,AEF5CDB2A915897E0DE8486AF8102922
ERR12724358,2024/12/31 22:52,2025/3/1 21:55,521959,963363538,0,1845,848,,https://sra-downloadb.be-md.ncbi.nlm.nih.gov/sos7/sra-pub-run-38/ERR012/12724/ERR12724358/ERR12724358.1,ERX12098857,eccDNA-seq,OTHER,RANDOM PCR,GENOMIC,SINGLE,0,0,OXFORD_NANOPORE,PromethION,ERP157467,PRJEB72688,,1204689,ERS18289180,SAMEA115294676,simple,4565,Triticum aestivum,Ta_RIL_eccDNA23,,,,,,,no,,,,,AGROSCOPE,ERA29264821,,public,E30F0F8D943513E633A0BB37BFAF91FA,C03E1FFEFC0551B41D1B556F0CB144AB
ERR12724359,2024/12/31 23:06,2025/2/15 9:52,810671,1383414115,0,1706,1219,,https://sra-downloadb.be-md.ncbi.nlm.nih.gov/sos7/sra-pub-run-38/ERR012/12724/ERR12724359/ERR12724359.1,ERX12098858,eccDNA-seq,OTHER,RANDOM PCR,GENOMIC,SINGLE,0,0,OXFORD_NANOPORE,PromethION,ERP157467,PRJEB72688,,1204689,ERS18289181,SAMEA115294677,simple,4565,Triticum aestivum,Ta_RIL_eccDNA24,,,,,,,no,,,,,AGROSCOPE,ERA29264821,,public,2141E6053113464F472F4D6D94B00754,5829751AF0D90B458DF957F1EA85B5B6
ERR12724360,2025/1/1 0:40,2025/2/15 10:02,831249,1117284300,0,1344,988,,https://sra-downloadb.be-md.ncbi.nlm.nih.gov/sos7/sra-pub-run-38/ERR012/12724/ERR12724360/ERR12724360.1,ERX12098859,eccDNA-seq,OTHER,RANDOM PCR,GENOMIC,SINGLE,0,0,OXFORD_NANOPORE,PromethION,ERP157467,PRJEB72688,,1204689,ERS18289182,SAMEA115294678,simple,4565,Triticum aestivum,Ta_RIL_eccDNA25,,,,,,,no,,,,,AGROSCOPE,ERA29264821,,public,855062A12C80F7C397322BC80B062824,B7C0D279078CD9E015ACF538CB6D6649
ERR12724361,2024/12/31 23:06,2025/2/15 3:43,802692,1185940152,0,1477,1046,,https://sra-downloadb.be-md.ncbi.nlm.nih.gov/sos7/sra-pub-run-38/ERR012/12724/ERR12724361/ERR12724361.1,ERX12098860,eccDNA-seq,OTHER,RANDOM PCR,GENOMIC,SINGLE,0,0,OXFORD_NANOPORE,PromethION,ERP157467,PRJEB72688,,1204689,ERS18289183,SAMEA115294679,simple,4565,Triticum aestivum,Ta_RIL_eccDNA26,,,,,,,no,,,,,AGROSCOPE,ERA29264821,,public,D6A3CD3E6C70B82A20DF351FDA91EF25,F2CD8C4E59AC15B3F09ABE4F014824FB
ERR12724362,2025/1/1 0:47,2025/2/15 23:39,445344,785258421,0,1763,690,,https://sra-downloadb.be-md.ncbi.nlm.nih.gov/sos7/sra-pub-run-38/ERR012/12724/ERR12724362/ERR12724362.1,ERX12098861,eccDNA-seq,OTHER,RANDOM PCR,GENOMIC,SINGLE,0,0,OXFORD_NANOPORE,PromethION,ERP157467,PRJEB72688,,1204689,ERS18289184,SAMEA115294680,simple,4565,Triticum aestivum,Ta_RIL_eccDNA27,,,,,,,no,,,,,AGROSCOPE,ERA29264821,,public,01D9316EBD3C6C56F4A126446BED6620,3D17216803F3BDC5A0F97F3521273D0C
ERR12724363,2025/1/1 0:24,2025/2/24 0:11,731352,1162536698,0,1589,1025,,https://sra-downloadb.be-md.ncbi.nlm.nih.gov/sos7/sra-pub-run-38/ERR012/12724/ERR12724363/ERR12724363.1,ERX12098862,eccDNA-seq,OTHER,RANDOM PCR,GENOMIC,SINGLE,0,0,OXFORD_NANOPORE,PromethION,ERP157467,PRJEB72688,,1204689,ERS18289185,SAMEA115294681,simple,4565,Triticum aestivum,Ta_RIL_eccDNA28,,,,,,,no,,,,,AGROSCOPE,ERA29264821,,public,A589C4730093A6B762BE089BF93BA946,96AC247E9E1ED3C90551E7206C158664
ERR12724364,2024/12/31 22:52,2025/2/15 0:42,541185,764109860,0,1411,676,,https://sra-downloadb.be-md.ncbi.nlm.nih.gov/sos7/sra-pub-run-38/ERR012/12724/ERR12724364/ERR12724364.1,ERX12098863,eccDNA-seq,OTHER,RANDOM PCR,GENOMIC,SINGLE,0,0,OXFORD_NANOPORE,PromethION,ERP157467,PRJEB72688,,1204689,ERS18289186,SAMEA115294682,simple,4565,Triticum aestivum,Ta_RIL_eccDNA29,,,,,,,no,,,,,AGROSCOPE,ERA29264821,,public,F6B119FE60E78265C72D8D7879F810DD,DA13B3CEA97DB01F7723089C748362AF
ERR12724365,2024/12/31 22:52,2025/2/15 0:41,622269,837212828,0,1345,741,,https://sra-downloadb.be-md.ncbi.nlm.nih.gov/sos7/sra-pub-run-38/ERR012/12724/ERR12724365/ERR12724365.1,ERX12098864,eccDNA-seq,OTHER,RANDOM PCR,GENOMIC,SINGLE,0,0,OXFORD_NANOPORE,PromethION,ERP157467,PRJEB72688,,1204689,ERS18289187,SAMEA115294683,simple,4565,Triticum aestivum,Ta_RIL_eccDNA30,,,,,,,no,,,,,AGROSCOPE,ERA29264821,,public,D21EF080E20E430448774A88579F05E8,C7676F7EC28762AD2FA51E544D3D367F
ERR12724366,2024/12/31 22:52,2025/2/15 0:40,580058,960044670,0,1655,845,,https://sra-downloadb.be-md.ncbi.nlm.nih.gov/sos7/sra-pub-run-38/ERR012/12724/ERR12724366/ERR12724366.1,ERX12098865,eccDNA-seq,OTHER,RANDOM PCR,GENOMIC,SINGLE,0,0,OXFORD_NANOPORE,PromethION,ERP157467,PRJEB72688,,1204689,ERS18289188,SAMEA115294684,simple,4565,Triticum aestivum,Ta_RIL_eccDNA31,,,,,,,no,,,,,AGROSCOPE,ERA29264821,,public,7B0C76CE92B4A616C4FA65708A8DB41E,1828161C0ED7847AFEF5DE026C4A8CB7
ERR12724367,2024/12/31 23:11,2025/2/15 6:03,476490,639080669,0,1341,566,,https://sra-downloadb.be-md.ncbi.nlm.nih.gov/sos7/sra-pub-run-38/ERR012/12724/ERR12724367/ERR12724367.1,ERX12098866,eccDNA-seq,OTHER,RANDOM PCR,GENOMIC,SINGLE,0,0,OXFORD_NANOPORE,PromethION,ERP157467,PRJEB72688,,1204689,ERS18289189,SAMEA115294685,simple,4565,Triticum aestivum,Ta_RIL_eccDNA32,,,,,,,no,,,,,AGROSCOPE,ERA29264821,,public,D22D519131AF2643CC700A83882A7358,F771169735B97CE7D408B6F93935C373
ERR12724368,2025/1/1 0:40,2025/2/15 11:18,472923,897698256,0,1898,790,,https://sra-downloadb.be-md.ncbi.nlm.nih.gov/sos7/sra-pub-run-38/ERR012/12724/ERR12724368/ERR12724368.1,ERX12098867,eccDNA-seq,OTHER,RANDOM PCR,GENOMIC,SINGLE,0,0,OXFORD_NANOPORE,PromethION,ERP157467,PRJEB72688,,1204689,ERS18289190,SAMEA115294686,simple,4565,Triticum aestivum,Ta_RIL_eccDNA33,,,,,,,no,,,,,AGROSCOPE,ERA29264821,,public,E0706B7C5687084BBCA40C0F6BB1D1A0,81DBA0E110AAE6D74B1C9923C057AAB5
ERR12724369,2024/12/31 22:42,2025/2/24 1:25,727996,1589456729,0,2183,1393,,https://sra-downloadb.be-md.ncbi.nlm.nih.gov/sos7/sra-pub-run-38/ERR012/12724/ERR12724369/ERR12724369.1,ERX12098868,eccDNA-seq,OTHER,RANDOM PCR,GENOMIC,SINGLE,0,0,OXFORD_NANOPORE,PromethION,ERP157467,PRJEB72688,,1204689,ERS18289192,SAMEA115294687,simple,4565,Triticum aestivum,Ta_RIL_eccDNA34,,,,,,,no,,,,,AGROSCOPE,ERA29264821,,public,86EC191A0D698287C85C0256877077D7,A88C6C97D3F62ED406C33D771C371D5E
ERR12724370,2025/1/1 1:18,2025/2/15 16:55,391910,723416967,0,1845,637,,https://sra-downloadb.be-md.ncbi.nlm.nih.gov/sos7/sra-pub-run-38/ERR012/12724/ERR12724370/ERR12724370.1,ERX12098869,eccDNA-seq,OTHER,RANDOM PCR,GENOMIC,SINGLE,0,0,OXFORD_NANOPORE,PromethION,ERP157467,PRJEB72688,,1204689,ERS18289193,SAMEA115294688,simple,4565,Triticum aestivum,Ta_RIL_eccDNA35,,,,,,,no,,,,,AGROSCOPE,ERA29264821,,public,428AA800FC95E79D4AE6F8DFB52EC502,015EBC134CC5B509BD1AA8ACB7D77F2F
ERR12724371,2024/12/31 22:42,2025/2/24 1:23,430478,809775978,0,1881,712,,https://sra-downloadb.be-md.ncbi.nlm.nih.gov/sos7/sra-pub-run-38/ERR012/12724/ERR12724371/ERR12724371.1,ERX12098870,eccDNA-seq,OTHER,RANDOM PCR,GENOMIC,SINGLE,0,0,OXFORD_NANOPORE,PromethION,ERP157467,PRJEB72688,,1204689,ERS18289194,SAMEA115294689,simple,4565,Triticum aestivum,Ta_RIL_eccDNA36,,,,,,,no,,,,,AGROSCOPE,ERA29264821,,public,D9DCA180C418181270EE543A191C440D,1460B43973601FCCB7966FE7240FDEA2
ERR12724372,2024/12/31 22:42,2025/2/24 1:25,482395,972198775,0,2015,853,,https://sra-downloadb.be-md.ncbi.nlm.nih.gov/sos7/sra-pub-run-38/ERR012/12724/ERR12724372/ERR12724372.1,ERX12098871,eccDNA-seq,OTHER,RANDOM PCR,GENOMIC,SINGLE,0,0,OXFORD_NANOPORE,PromethION,ERP157467,PRJEB72688,,1204689,ERS18289195,SAMEA115294690,simple,4565,Triticum aestivum,Ta_RIL_eccDNA37,,,,,,,no,,,,,AGROSCOPE,ERA29264821,,public,FF40FE01E59100B32100A8656A35C61C,30C26EE22B6E268317057618CB129CC7
ERR12724373,2024/12/31 22:52,2025/2/15 9:44,630732,897078523,0,1422,793,,https://sra-downloadb.be-md.ncbi.nlm.nih.gov/sos7/sra-pub-run-38/ERR012/12724/ERR12724373/ERR12724373.1,ERX12098872,eccDNA-seq,OTHER,RANDOM PCR,GENOMIC,SINGLE,0,0,OXFORD_NANOPORE,PromethION,ERP157467,PRJEB72688,,1204689,ERS18289196,SAMEA115294691,simple,4565,Triticum aestivum,Ta_RIL_eccDNA38,,,,,,,no,,,,,AGROSCOPE,ERA29264821,,public,BE5860A62475D4BB4D7B7890F35BE9FE,3049181A665E0C5A848CD8288944117D
ERR12724374,2024/12/31 23:00,2025/2/15 0:50,579321,989408453,0,1707,870,,https://sra-downloadb.be-md.ncbi.nlm.nih.gov/sos7/sra-pub-run-38/ERR012/12724/ERR12724374/ERR12724374.1,ERX12098873,eccDNA-seq,OTHER,RANDOM PCR,GENOMIC,SINGLE,0,0,OXFORD_NANOPORE,PromethION,ERP157467,PRJEB72688,,1204689,ERS18289197,SAMEA115294692,simple,4565,Triticum aestivum,Ta_RIL_eccDNA39,,,,,,,no,,,,,AGROSCOPE,ERA29264821,,public,C1D5CDB1070E397C0CC0BA2E8B22C3C5,A31B958D3C96BB9E2B6C7ED70FBD5580
ERR12724375,2024/12/31 23:06,2025/2/15 9:51,517406,1325053299,0,2560,1155,,https://sra-downloadb.be-md.ncbi.nlm.nih.gov/sos7/sra-pub-run-38/ERR012/12724/ERR12724375/ERR12724375.1,ERX12098874,eccDNA-seq,OTHER,RANDOM PCR,GENOMIC,SINGLE,0,0,OXFORD_NANOPORE,PromethION,ERP157467,PRJEB72688,,1204689,ERS18289198,SAMEA115294693,simple,4565,Triticum aestivum,Ta_RIL_eccDNA40,,,,,,,no,,,,,AGROSCOPE,ERA29264821,,public,06B690CE5D982B0CF5D1EDF861471CCF,0592920B954E28F4BC9C25330E78DC57
ERR12724376,2024/12/31 23:11,2025/2/15 3:46,363050,873210609,0,2405,759,,https://sra-downloadb.be-md.ncbi.nlm.nih.gov/sos7/sra-pub-run-38/ERR012/12724/ERR12724376/ERR12724376.1,ERX12098875,eccDNA-seq,OTHER,RANDOM PCR,GENOMIC,SINGLE,0,0,OXFORD_NANOPORE,PromethION,ERP157467,PRJEB72688,,1204689,ERS18289199,SAMEA115294694,simple,4565,Triticum aestivum,Ta_RIL_eccDNA41,,,,,,,no,,,,,AGROSCOPE,ERA29264821,,public,0F21FC4153C713E174D5287423BB5F9E,7B823737CED9D9B67B18928E23FC57F9
ERR12724377,2024/12/31 22:52,2025/2/15 0:47,402779,981651561,0,2437,855,,https://sra-downloadb.be-md.ncbi.nlm.nih.gov/sos7/sra-pub-run-38/ERR012/12724/ERR12724377/ERR12724377.1,ERX12098876,eccDNA-seq,OTHER,RANDOM PCR,GENOMIC,SINGLE,0,0,OXFORD_NANOPORE,PromethION,ERP157467,PRJEB72688,,1204689,ERS18289200,SAMEA115294695,simple,4565,Triticum aestivum,Ta_RIL_eccDNA42,,,,,,,no,,,,,AGROSCOPE,ERA29264821,,public,89C5662C0926EF665FCCDE37C8934464,2AFACB7EE1C37A0F6334E7B031FBB3DA
ERR12724378,2025/1/1 0:24,2025/2/15 8:31,482500,1122459765,0,2326,977,,https://sra-downloadb.be-md.ncbi.nlm.nih.gov/sos7/sra-pub-run-38/ERR012/12724/ERR12724378/ERR12724378.1,ERX12098877,eccDNA-seq,OTHER,RANDOM PCR,GENOMIC,SINGLE,0,0,OXFORD_NANOPORE,PromethION,ERP157467,PRJEB72688,,1204689,ERS18289201,SAMEA115294696,simple,4565,Triticum aestivum,Ta_RIL_eccDNA43,,,,,,,no,,,,,AGROSCOPE,ERA29264821,,public,33B3AE7F50317CF36C887B4C1DB9D58E,FD0BC10FF54945DB0A4C912189D21E32
ERR12724379,2025/1/1 0:47,2025/2/15 11:21,631147,1688400839,0,2675,1465,,https://sra-downloadb.be-md.ncbi.nlm.nih.gov/sos7/sra-pub-run-38/ERR012/12724/ERR12724379/ERR12724379.1,ERX12098878,eccDNA-seq,OTHER,RANDOM PCR,GENOMIC,SINGLE,0,0,OXFORD_NANOPORE,PromethION,ERP157467,PRJEB72688,,1204689,ERS18289202,SAMEA115294697,simple,4565,Triticum aestivum,Ta_RIL_eccDNA44,,,,,,,no,,,,,AGROSCOPE,ERA29264821,,public,87B32104E4EFFB8F8C55456CB95E53D7,7036E736E3FBFFC8AE4CD99C39E595CF
ERR12724380,2024/12/31 23:11,2025/2/15 6:04,710265,1391822265,0,1959,1217,,https://sra-downloadb.be-md.ncbi.nlm.nih.gov/sos7/sra-pub-run-38/ERR012/12724/ERR12724380/ERR12724380.1,ERX12098879,eccDNA-seq,OTHER,RANDOM PCR,GENOMIC,SINGLE,0,0,OXFORD_NANOPORE,PromethION,ERP157467,PRJEB72688,,1204689,ERS18289203,SAMEA115294698,simple,4565,Triticum aestivum,Ta_RIL_eccDNA45,,,,,,,no,,,,,AGROSCOPE,ERA29264821,,public,6BAA92790141189A64A336B2BF5B2CFA,4CD7419049D5D83ACC421AAB3CDA41FB
ERR12724381,2025/1/1 0:29,2025/2/15 8:38,572476,1135968675,0,1984,994,,https://sra-downloadb.be-md.ncbi.nlm.nih.gov/sos7/sra-pub-run-38/ERR012/12724/ERR12724381/ERR12724381.1,ERX12098880,eccDNA-seq,OTHER,RANDOM PCR,GENOMIC,SINGLE,0,0,OXFORD_NANOPORE,PromethION,ERP157467,PRJEB72688,,1204689,ERS18289204,SAMEA115294699,simple,4565,Triticum aestivum,Ta_RIL_eccDNA46,,,,,,,no,,,,,AGROSCOPE,ERA29264821,,public,C9B02DB5C27581EF8EB5B55BDCA3204E,207C5C5AAF0CDBEB05312830D398904A
ERR12724382,2025/1/1 0:47,2025/2/15 11:18,516214,1157373696,0,2242,1009,,https://sra-downloadb.be-md.ncbi.nlm.nih.gov/sos7/sra-pub-run-38/ERR012/12724/ERR12724382/ERR12724382.1,ERX12098881,eccDNA-seq,OTHER,RANDOM PCR,GENOMIC,SINGLE,0,0,OXFORD_NANOPORE,PromethION,ERP157467,PRJEB72688,,1204689,ERS18289205,SAMEA115294700,simple,4565,Triticum aestivum,Ta_RIL_eccDNA47,,,,,,,no,,,,,AGROSCOPE,ERA29264821,,public,468707CE29C865E60996C2F6ED7D4D6D,0620D7DB5B9A0038BC69D12D8A15D3C9
ERR12724383,2025/1/1 0:47,2025/3/2 12:08,328796,755654875,0,2298,658,,https://sra-downloadb.be-md.ncbi.nlm.nih.gov/sos7/sra-pub-run-38/ERR012/12724/ERR12724383/ERR12724383.1,ERX12098882,eccDNA-seq,OTHER,RANDOM PCR,GENOMIC,SINGLE,0,0,OXFORD_NANOPORE,PromethION,ERP157467,PRJEB72688,,1204689,ERS18289206,SAMEA115294701,simple,4565,Triticum aestivum,Ta_RIL_eccDNA48,,,,,,,no,,,,,AGROSCOPE,ERA29264821,,public,0E369FC77272689BA4F29BE54D47622F,9D86D6A7410302675B43CB99C6501BCD
ERR12724384,2025/1/1 0:24,2025/2/15 8:32,417702,713564194,0,1708,626,,https://sra-downloadb.be-md.ncbi.nlm.nih.gov/sos7/sra-pub-run-38/ERR012/12724/ERR12724384/ERR12724384.1,ERX12098883,eccDNA-seq,OTHER,RANDOM PCR,GENOMIC,SINGLE,0,0,OXFORD_NANOPORE,PromethION,ERP157467,PRJEB72688,,1204689,ERS18289207,SAMEA115294702,simple,4565,Triticum aestivum,Ta_RIL_eccDNA49,,,,,,,no,,,,,AGROSCOPE,ERA29264821,,public,0AE4948493046A692B840179042C91A4,E83BA3AD1324C9AE7831BE7BFC0636C7
ERR12724385,2024/12/31 23:00,2025/2/15 9:47,507702,1392846984,0,2743,1208,,https://sra-downloadb.be-md.ncbi.nlm.nih.gov/sos7/sra-pub-run-38/ERR012/12724/ERR12724385/ERR12724385.1,ERX12098884,eccDNA-seq,OTHER,RANDOM PCR,GENOMIC,SINGLE,0,0,OXFORD_NANOPORE,PromethION,ERP157467,PRJEB72688,,1204689,ERS18289208,SAMEA115294703,simple,4565,Triticum aestivum,Ta_RIL_eccDNA50,,,,,,,no,,,,,AGROSCOPE,ERA29264821,,public,B87FDA5B32D39DC9C62C1046FC4CF37A,572ADE69059C582ABC3AD60934D04988
ERR12724386,2025/1/1 0:47,2025/2/15 23:42,631296,1242197695,0,1967,1086,,https://sra-downloadb.be-md.ncbi.nlm.nih.gov/sos7/sra-pub-run-38/ERR012/12724/ERR12724386/ERR12724386.1,ERX12098885,eccDNA-seq,OTHER,RANDOM PCR,GENOMIC,SINGLE,0,0,OXFORD_NANOPORE,PromethION,ERP157467,PRJEB72688,,1204689,ERS18289209,SAMEA115294704,simple,4565,Triticum aestivum,Ta_RIL_eccDNA51,,,,,,,no,,,,,AGROSCOPE,ERA29264821,,public,14E2AA5F1F856BA32305F1D78AF64674,6DB3AE646A91C6209F36DC64D0E04D42
ERR12724387,2025/1/1 0:29,2025/2/15 8:36,491408,1101656381,0,2241,960,,https://sra-downloadb.be-md.ncbi.nlm.nih.gov/sos7/sra-pub-run-38/ERR012/12724/ERR12724387/ERR12724387.1,ERX12098886,eccDNA-seq,OTHER,RANDOM PCR,GENOMIC,SINGLE,0,0,OXFORD_NANOPORE,PromethION,ERP157467,PRJEB72688,,1204689,ERS18289210,SAMEA115294705,simple,4565,Triticum aestivum,Ta_RIL_eccDNA52,,,,,,,no,,,,,AGROSCOPE,ERA29264821,,public,680710394A8A517E50A25C71AF71F148,FEB2C85BB26D5A7E190920432DCA05ED
ERR12724388,2024/12/31 23:11,2025/2/15 3:45,411108,1083190382,0,2634,941,,https://sra-downloadb.be-md.ncbi.nlm.nih.gov/sos7/sra-pub-run-38/ERR012/12724/ERR12724388/ERR12724388.1,ERX12098887,eccDNA-seq,OTHER,RANDOM PCR,GENOMIC,SINGLE,0,0,OXFORD_NANOPORE,PromethION,ERP157467,PRJEB72688,,1204689,ERS18289211,SAMEA115294706,simple,4565,Triticum aestivum,Ta_RIL_eccDNA53,,,,,,,no,,,,,AGROSCOPE,ERA29264821,,public,2B2FDBDBD3B0F48BD41F6DE1F28A3A43,41E3A5462DCACA2516B73409ADB89305
ERR12724389,2025/1/1 1:02,2025/2/15 16:50,285438,745460785,0,2611,647,,https://sra-downloadb.be-md.ncbi.nlm.nih.gov/sos7/sra-pub-run-38/ERR012/12724/ERR12724389/ERR12724389.1,ERX12098888,eccDNA-seq,OTHER,RANDOM PCR,GENOMIC,SINGLE,0,0,OXFORD_NANOPORE,PromethION,ERP157467,PRJEB72688,,1204689,ERS18289212,SAMEA115294707,simple,4565,Triticum aestivum,Ta_RIL_eccDNA54,,,,,,,no,,,,,AGROSCOPE,ERA29264821,,public,50197F57C89EB24E020629135F335918,A6BF8F3A8B3AF7640A3273B8FFF0D7C3
ERR12724390,2025/1/1 0:40,2025/2/15 11:20,666140,2126028977,0,3191,1842,,https://sra-downloadb.be-md.ncbi.nlm.nih.gov/sos7/sra-pub-run-38/ERR012/12724/ERR12724390/ERR12724390.1,ERX12098889,eccDNA-seq,OTHER,RANDOM PCR,GENOMIC,SINGLE,0,0,OXFORD_NANOPORE,PromethION,ERP157467,PRJEB72688,,1204689,ERS18289213,SAMEA115294708,simple,4565,Triticum aestivum,Ta_RIL_eccDNA55,,,,,,,no,,,,,AGROSCOPE,ERA29264821,,public,361D9F0A431DBE0F5855FF9DD95DE079,C848F5EC70B75996CE78AEAB42B4B9EE
ERR12724391,2024/12/31 23:06,2025/2/15 9:57,727547,1798907083,0,2472,1568,,https://sra-downloadb.be-md.ncbi.nlm.nih.gov/sos7/sra-pub-run-38/ERR012/12724/ERR12724391/ERR12724391.1,ERX12098890,eccDNA-seq,OTHER,RANDOM PCR,GENOMIC,SINGLE,0,0,OXFORD_NANOPORE,PromethION,ERP157467,PRJEB72688,,1204689,ERS18289214,SAMEA115294709,simple,4565,Triticum aestivum,Ta_RIL_eccDNA56,,,,,,,no,,,,,AGROSCOPE,ERA29264821,,public,B944A7A6677CC63CFA95E55E4F95BFD7,384C6123C93CD150CE192EE8AB072531
ERR12724392,2025/1/1 2:15,2025/2/15 17:01,661981,2040817354,0,3082,1769,,https://sra-downloadb.be-md.ncbi.nlm.nih.gov/sos7/sra-pub-run-38/ERR012/12724/ERR12724392/ERR12724392.1,ERX12098891,eccDNA-seq,OTHER,RANDOM PCR,GENOMIC,SINGLE,0,0,OXFORD_NANOPORE,PromethION,ERP157467,PRJEB72688,,1204689,ERS18289215,SAMEA115294710,simple,4565,Triticum aestivum,Ta_RIL_eccDNA57,,,,,,,no,,,,,AGROSCOPE,ERA29264821,,public,263B45D71DC288D8913419B737F22273,992C057CC2312D6B7D8EED3486E2A715
ERR12724393,2024/12/31 23:11,2025/2/15 6:00,378647,795877350,0,2101,696,,https://sra-downloadb.be-md.ncbi.nlm.nih.gov/sos7/sra-pub-run-38/ERR012/12724/ERR12724393/ERR12724393.1,ERX12098892,eccDNA-seq,OTHER,RANDOM PCR,GENOMIC,SINGLE,0,0,OXFORD_NANOPORE,PromethION,ERP157467,PRJEB72688,,1204689,ERS18289217,SAMEA115294711,simple,4565,Triticum aestivum,Ta_RIL_eccDNA58,,,,,,,no,,,,,AGROSCOPE,ERA29264821,,public,F334FFD62DFCC5FE93F11868C50F110F,5CA6F2E39078888FF4B36D5A0109AC2F
ERR12724394,2024/12/31 22:52,2025/3/1 21:56,464442,1145289070,0,2465,997,,https://sra-downloadb.be-md.ncbi.nlm.nih.gov/sos7/sra-pub-run-38/ERR012/12724/ERR12724394/ERR12724394.1,ERX12098893,eccDNA-seq,OTHER,RANDOM PCR,GENOMIC,SINGLE,0,0,OXFORD_NANOPORE,PromethION,ERP157467,PRJEB72688,,1204689,ERS18289218,SAMEA115294712,simple,4565,Triticum aestivum,Ta_RIL_eccDNA59,,,,,,,no,,,,,AGROSCOPE,ERA29264821,,public,148D2F716BD0DB86E97451F0D873DFA3,1968B9D0E7E06956200B81CB98E2CF18
ERR12724395,2024/12/31 23:11,2025/2/15 3:49,524713,1018753143,0,1941,891,,https://sra-downloadb.be-md.ncbi.nlm.nih.gov/sos7/sra-pub-run-38/ERR012/12724/ERR12724395/ERR12724395.1,ERX12098894,eccDNA-seq,OTHER,RANDOM PCR,GENOMIC,SINGLE,0,0,OXFORD_NANOPORE,PromethION,ERP157467,PRJEB72688,,1204689,ERS18289219,SAMEA115294713,simple,4565,Triticum aestivum,Ta_RIL_eccDNA60,,,,,,,no,,,,,AGROSCOPE,ERA29264821,,public,7C6DB0809ED12A6B4AA345C4089B98F4,01136874CE988F1155784F761A63D330
ERR12724396,2025/1/1 0:24,2025/2/15 9:57,547707,1046842359,0,1911,916,,https://sra-downloadb.be-md.ncbi.nlm.nih.gov/sos7/sra-pub-run-38/ERR012/12724/ERR12724396/ERR12724396.1,ERX12098895,eccDNA-seq,OTHER,RANDOM PCR,GENOMIC,SINGLE,0,0,OXFORD_NANOPORE,PromethION,ERP157467,PRJEB72688,,1204689,ERS18289220,SAMEA115294714,simple,4565,Triticum aestivum,Ta_RIL_eccDNA61,,,,,,,no,,,,,AGROSCOPE,ERA29264821,,public,9C2F449A35E3CAE2D20F7C591E309094,B94232A892CA52BAD1041215A51D028E
ERR12724397,2025/1/1 0:40,2025/2/15 11:12,343335,542835544,0,1581,477,,https://sra-downloadb.be-md.ncbi.nlm.nih.gov/sos7/sra-pub-run-38/ERR012/12724/ERR12724397/ERR12724397.1,ERX12098896,eccDNA-seq,OTHER,RANDOM PCR,GENOMIC,SINGLE,0,0,OXFORD_NANOPORE,PromethION,ERP157467,PRJEB72688,,1204689,ERS18289221,SAMEA115294715,simple,4565,Triticum aestivum,Ta_RIL_eccDNA62,,,,,,,no,,,,,AGROSCOPE,ERA29264821,,public,736E5F6EA9F0147D243B90918BB31A8C,DC4F39B39BE7D568D7C0ECCF6F069669
ERR12724398,2025/1/1 0:56,2025/2/15 23:56,563309,1246809934,0,2213,1088,,https://sra-downloadb.be-md.ncbi.nlm.nih.gov/sos7/sra-pub-run-38/ERR012/12724/ERR12724398/ERR12724398.1,ERX12098897,eccDNA-seq,OTHER,RANDOM PCR,GENOMIC,SINGLE,0,0,OXFORD_NANOPORE,PromethION,ERP157467,PRJEB72688,,1204689,ERS18289222,SAMEA115294716,simple,4565,Triticum aestivum,Ta_RIL_eccDNA63,,,,,,,no,,,,,AGROSCOPE,ERA29264821,,public,B95960BF9C445294932185A3E5CB7FAD,2D905334521D7A90F0FA71FEFC40A3C7
ERR12724399,2024/12/31 22:52,2025/2/15 0:44,695010,1656903941,0,2384,1444,,https://sra-downloadb.be-md.ncbi.nlm.nih.gov/sos7/sra-pub-run-38/ERR012/12724/ERR12724399/ERR12724399.1,ERX12098898,eccDNA-seq,OTHER,RANDOM PCR,GENOMIC,SINGLE,0,0,OXFORD_NANOPORE,PromethION,ERP157467,PRJEB72688,,1204689,ERS18289223,SAMEA115294717,simple,4565,Triticum aestivum,Ta_RIL_eccDNA64,,,,,,,no,,,,,AGROSCOPE,ERA29264821,,public,DDACA1C089EE2B9A91601C2B762DA925,F0FDD618F90CA680EF0D153C104F5D9C
ERR12724400,2025/1/1 0:24,2025/2/15 8:32,545559,1201774867,0,2202,1052,,https://sra-downloadb.be-md.ncbi.nlm.nih.gov/sos7/sra-pub-run-38/ERR012/12724/ERR12724400/ERR12724400.1,ERX12098899,eccDNA-seq,OTHER,RANDOM PCR,GENOMIC,SINGLE,0,0,OXFORD_NANOPORE,PromethION,ERP157467,PRJEB72688,,1204689,ERS18289224,SAMEA115294718,simple,4565,Triticum aestivum,Ta_RIL_eccDNA65,,,,,,,no,,,,,AGROSCOPE,ERA29264821,,public,D44389BB049D5DBB718D14AC60AE4AE8,C014006E0113056ADE385E47C17580D4
ERR12724401,2024/12/31 22:46,2025/2/15 9:41,408122,587965125,0,1440,518,,https://sra-downloadb.be-md.ncbi.nlm.nih.gov/sos7/sra-pub-run-38/ERR012/12724/ERR12724401/ERR12724401.1,ERX12098900,eccDNA-seq,OTHER,RANDOM PCR,GENOMIC,SINGLE,0,0,OXFORD_NANOPORE,PromethION,ERP157467,PRJEB72688,,1204689,ERS18289225,SAMEA115294719,simple,4565,Triticum aestivum,Ta_RIL_eccDNA66,,,,,,,no,,,,,AGROSCOPE,ERA29264821,,public,6350532CC9666293CDD3C6662363EB69,1B8A841DDA061E35E1579AB9FF430888
ERR12724402,2025/1/1 0:47,2025/2/15 23:39,595581,956551796,0,1606,840,,https://sra-downloadb.be-md.ncbi.nlm.nih.gov/sos7/sra-pub-run-38/ERR012/12724/ERR12724402/ERR12724402.1,ERX12098901,eccDNA-seq,OTHER,RANDOM PCR,GENOMIC,SINGLE,0,0,OXFORD_NANOPORE,PromethION,ERP157467,PRJEB72688,,1204689,ERS18289226,SAMEA115294720,simple,4565,Triticum aestivum,Ta_RIL_eccDNA67,,,,,,,no,,,,,AGROSCOPE,ERA29264821,,public,261C72EAAA696A12440A84B9024819C5,01D7293B0CBF1035DDBAA698E0F535AB
ERR12724403,2024/12/31 22:52,2025/2/24 1:24,736046,1386369309,0,1883,1214,,https://sra-downloadb.be-md.ncbi.nlm.nih.gov/sos7/sra-pub-run-38/ERR012/12724/ERR12724403/ERR12724403.1,ERX12098902,eccDNA-seq,OTHER,RANDOM PCR,GENOMIC,SINGLE,0,0,OXFORD_NANOPORE,PromethION,ERP157467,PRJEB72688,,1204689,ERS18289227,SAMEA115294721,simple,4565,Triticum aestivum,Ta_RIL_eccDNA68,,,,,,,no,,,,,AGROSCOPE,ERA29264821,,public,3C86AE79589EA4E9BA8A58E4AA8F82A6,E16A5BFE7ECE2CCA52C2CBA752CC7410
ERR12724404,2025/1/1 0:40,2025/2/15 11:15,587564,1218580600,0,2073,1065,,https://sra-downloadb.be-md.ncbi.nlm.nih.gov/sos7/sra-pub-run-38/ERR012/12724/ERR12724404/ERR12724404.1,ERX12098903,eccDNA-seq,OTHER,RANDOM PCR,GENOMIC,SINGLE,0,0,OXFORD_NANOPORE,PromethION,ERP157467,PRJEB72688,,1204689,ERS18289228,SAMEA115294722,simple,4565,Triticum aestivum,Ta_RIL_eccDNA69,,,,,,,no,,,,,AGROSCOPE,ERA29264821,,public,4C7B511C9CE4B3C495E188AD9921333E,FE6B53D63F94D5BE9BA7B8B93F59EF21
ERR12724405,2024/12/31 23:00,2025/2/15 9:48,468728,1006961700,0,2148,877,,https://sra-downloadb.be-md.ncbi.nlm.nih.gov/sos7/sra-pub-run-38/ERR012/12724/ERR12724405/ERR12724405.1,ERX12098904,eccDNA-seq,OTHER,RANDOM PCR,GENOMIC,SINGLE,0,0,OXFORD_NANOPORE,PromethION,ERP157467,PRJEB72688,,1204689,ERS18289229,SAMEA115294723,simple,4565,Triticum aestivum,Ta_RIL_eccDNA70,,,,,,,no,,,,,AGROSCOPE,ERA29264821,,public,690F7258B9956537F2A13C76910E7AAD,E6E5BCC53DB5C915BB1E2AECAA65BBF9
ERR12724406,2025/1/1 0:40,2025/2/15 10:02,519785,1060683033,0,2040,926,,https://sra-downloadb.be-md.ncbi.nlm.nih.gov/sos7/sra-pub-run-38/ERR012/12724/ERR12724406/ERR12724406.1,ERX12098905,eccDNA-seq,OTHER,RANDOM PCR,GENOMIC,SINGLE,0,0,OXFORD_NANOPORE,PromethION,ERP157467,PRJEB72688,,1204689,ERS18289230,SAMEA115294724,simple,4565,Triticum aestivum,Ta_RIL_eccDNA71,,,,,,,no,,,,,AGROSCOPE,ERA29264821,,public,9278FE50A9D4A8F9842486A4794BECB2,DA7FC4F8B50C8FED132B6EF68A5FDAF9
ERR12724407,2024/12/31 23:00,2025/2/15 9:54,558175,1584014704,0,2837,1376,,https://sra-downloadb.be-md.ncbi.nlm.nih.gov/sos7/sra-pub-run-38/ERR012/12724/ERR12724407/ERR12724407.1,ERX12098906,eccDNA-seq,OTHER,RANDOM PCR,GENOMIC,SINGLE,0,0,OXFORD_NANOPORE,PromethION,ERP157467,PRJEB72688,,1204689,ERS18289231,SAMEA115294725,simple,4565,Triticum aestivum,Ta_RIL_eccDNA72,,,,,,,no,,,,,AGROSCOPE,ERA29264821,,public,EBE898885BF91B01FCD591C0C95335EB,CB6B505AE788896E595C1A3B49D19751
ERR12724408,2024/12/31 23:06,2025/2/15 3:43,1808772,3444973566,0,1904,3006,,https://sra-downloadb.be-md.ncbi.nlm.nih.gov/sos7/sra-pub-run-38/ERR012/12724/ERR12724408/ERR12724408.1,ERX12098907,eccDNA-seq,OTHER,RANDOM PCR,GENOMIC,SINGLE,0,0,OXFORD_NANOPORE,PromethION,ERP157467,PRJEB72688,,1204689,ERS18289151,SAMEA115294648,simple,4565,Triticum aestivum,Ta_Arina_eccDNA1,,,,,,,no,,,,,AGROSCOPE,ERA29264822,,public,C7E73F46EA3659268F429A8EC5263D6C,90CCB0600452D6181556D1712089935A
ERR12724409,2024/12/31 23:00,2025/2/15 0:51,1779240,3108501292,0,1747,2719,,https://sra-downloadb.be-md.ncbi.nlm.nih.gov/sos7/sra-pub-run-38/ERR012/12724/ERR12724409/ERR12724409.1,ERX12098908,eccDNA-seq,OTHER,RANDOM PCR,GENOMIC,SINGLE,0,0,OXFORD_NANOPORE,PromethION,ERP157467,PRJEB72688,,1204689,ERS18289152,SAMEA115294649,simple,4565,Triticum aestivum,Ta_Arina_eccDNA2,,,,,,,no,,,,,AGROSCOPE,ERA29264822,,public,BC3C2BC5B7D8D58327BEEA8A950C8A09,83107E6BFBE0FE921095F7A291E0E7C5
ERR12724410,2024/12/31 22:52,2025/2/15 0:40,991776,1577958288,0,1591,1385,,https://sra-downloadb.be-md.ncbi.nlm.nih.gov/sos7/sra-pub-run-38/ERR012/12724/ERR12724410/ERR12724410.1,ERX12098909,eccDNA-seq,OTHER,RANDOM PCR,GENOMIC,SINGLE,0,0,OXFORD_NANOPORE,PromethION,ERP157467,PRJEB72688,,1204689,ERS18289153,SAMEA115294650,simple,4565,Triticum aestivum,Ta_Arina_eccDNA3,,,,,,,no,,,,,AGROSCOPE,ERA29264822,,public,2421825913CD9404CA0D1DD21082D1F2,F8361039B639A3585F2CD0B7AEDD3D8D
ERR12724411,2024/12/31 23:00,2025/2/15 9:51,1497079,2654790797,0,1773,2322,,https://sra-downloadb.be-md.ncbi.nlm.nih.gov/sos7/sra-pub-run-38/ERR012/12724/ERR12724411/ERR12724411.1,ERX12098910,eccDNA-seq,OTHER,RANDOM PCR,GENOMIC,SINGLE,0,0,OXFORD_NANOPORE,PromethION,ERP157467,PRJEB72688,,1204689,ERS18289154,SAMEA115294651,simple,4565,Triticum aestivum,Ta_Arina_eccDNA4,,,,,,,no,,,,,AGROSCOPE,ERA29264822,,public,418881D8F68D4AEE2FACEF5DE6B6F399,E1ECD232DC2AEA5D66EBDF851952E176
ERR12724412,2025/1/1 2:02,2025/2/15 16:57,1264616,2405000493,0,1901,2097,,https://sra-downloadb.be-md.ncbi.nlm.nih.gov/sos7/sra-pub-run-38/ERR012/12724/ERR12724412/ERR12724412.1,ERX12098911,eccDNA-seq,OTHER,RANDOM PCR,GENOMIC,SINGLE,0,0,OXFORD_NANOPORE,PromethION,ERP157467,PRJEB72688,,1204689,ERS18289155,SAMEA115294652,simple,4565,Triticum aestivum,Ta_Arina_eccDNA5,,,,,,,no,,,,,AGROSCOPE,ERA29264822,,public,84380D676A48C2A4D364E27F181BE27F,273DDEE99A2DBFD8D73A2B2A9EBC91CD
ERR12724413,2024/12/31 23:06,2025/2/15 3:43,1279807,2158262145,0,1686,1891,,https://sra-downloadb.be-md.ncbi.nlm.nih.gov/sos7/sra-pub-run-38/ERR012/12724/ERR12724413/ERR12724413.1,ERX12098912,eccDNA-seq,OTHER,RANDOM PCR,GENOMIC,SINGLE,0,0,OXFORD_NANOPORE,PromethION,ERP157467,PRJEB72688,,1204689,ERS18289156,SAMEA115294653,simple,4565,Triticum aestivum,Ta_Arina_eccDNA6,,,,,,,no,,,,,AGROSCOPE,ERA29264822,,public,DB9CFBD4C9690C6AF5557663E7D216AE,866E9EF48E34FC5661AB633306EC745F
ERR12724677,2025/1/1 0:40,2025/3/2 12:14,31177528,9353258400,31177528,300,2835,,https://sra-downloadb.be-md.ncbi.nlm.nih.gov/sos7/sra-pub-zq-41/ERR012/12724/ERR12724677/ERR12724677.lite.1,ERX12099086,Stranded RNA-seq,RNA-Seq,RANDOM PCR,TRANSCRIPTOMIC,PAIRED,0,0,ILLUMINA,Illumina NovaSeq 6000,ERP157467,PRJEB72688,,1204689,ERS18289145,SAMEA115294642,simple,4565,Triticum aestivum,Ta_RNASEQ1,,,,,,,no,,,,,AGROSCOPE,ERA29265012,,public,5C1D324139407584BD146FCF5A888CA9,2468F9F8221B77B0F797013883E4D2BA
ERR12724678,2025/1/1 0:29,2025/2/15 10:05,29723290,8916987000,29723290,300,2747,,https://sra-downloadb.be-md.ncbi.nlm.nih.gov/sos7/sra-pub-zq-41/ERR012/12724/ERR12724678/ERR12724678.lite.1,ERX12099087,Stranded RNA-seq,RNA-Seq,RANDOM PCR,TRANSCRIPTOMIC,PAIRED,0,0,ILLUMINA,Illumina NovaSeq 6000,ERP157467,PRJEB72688,,1204689,ERS18289146,SAMEA115294643,simple,4565,Triticum aestivum,Ta_RNASEQ2,,,,,,,no,,,,,AGROSCOPE,ERA29265012,,public,D8B293C9BB1C879732973BBDE9DC82A7,BC91E86D5DE8871F484B0D432CCB0200
ERR12724679,2025/1/1 0:47,2025/2/15 23:45,32485277,9745583100,32485277,300,2988,,https://sra-downloadb.be-md.ncbi.nlm.nih.gov/sos7/sra-pub-zq-41/ERR012/12724/ERR12724679/ERR12724679.lite.1,ERX12099088,Stranded RNA-seq,RNA-Seq,RANDOM PCR,TRANSCRIPTOMIC,PAIRED,0,0,ILLUMINA,Illumina NovaSeq 6000,ERP157467,PRJEB72688,,1204689,ERS18289147,SAMEA115294644,simple,4565,Triticum aestivum,Ta_RNASEQ3,,,,,,,no,,,,,AGROSCOPE,ERA29265012,,public,A99B36253F2EE50C9DC98D3EE0B1FDD4,7ADEB2C5C1865285C7A32FB91606DCF0
ERR12724680,2025/1/1 0:24,2025/2/15 8:35,31999950,9599985000,31999950,300,2958,,https://sra-downloadb.be-md.ncbi.nlm.nih.gov/sos7/sra-pub-zq-41/ERR012/12724/ERR12724680/ERR12724680.lite.1,ERX12099089,Stranded RNA-seq,RNA-Seq,RANDOM PCR,TRANSCRIPTOMIC,PAIRED,0,0,ILLUMINA,Illumina NovaSeq 6000,ERP157467,PRJEB72688,,1204689,ERS18289148,SAMEA115294645,simple,4565,Triticum aestivum,Ta_RNASEQ4,,,,,,,no,,,,,AGROSCOPE,ERA29265012,,public,3A2787EA19D51A28DD334D1ADA382BCB,C5873FF18414324CAF2B47BE77C0455F
ERR12724681,2024/12/31 23:00,2025/2/15 9:53,31106719,9332015700,31106719,300,2880,,https://sra-downloadb.be-md.ncbi.nlm.nih.gov/sos7/sra-pub-zq-41/ERR012/12724/ERR12724681/ERR12724681.lite.1,ERX12099090,Stranded RNA-seq,RNA-Seq,RANDOM PCR,TRANSCRIPTOMIC,PAIRED,0,0,ILLUMINA,Illumina NovaSeq 6000,ERP157467,PRJEB72688,,1204689,ERS18289149,SAMEA115294646,simple,4565,Triticum aestivum,Ta_RNASEQ5,,,,,,,no,,,,,AGROSCOPE,ERA29265012,,public,4DDF99D1CEFE7592F8A64F43F04627D2,81BEF64BC9926F7617E1D617DB8A4601
ERR12724682,2025/1/1 0:56,2025/2/16 0:04,30880188,9264056400,30880188,300,2863,,https://sra-downloadb.be-md.ncbi.nlm.nih.gov/sos7/sra-pub-zq-41/ERR012/12724/ERR12724682/ERR12724682.lite.1,ERX12099091,Stranded RNA-seq,RNA-Seq,RANDOM PCR,TRANSCRIPTOMIC,PAIRED,0,0,ILLUMINA,Illumina NovaSeq 6000,ERP157467,PRJEB72688,,1204689,ERS18289150,SAMEA115294647,simple,4565,Triticum aestivum,Ta_RNASEQ6,,,,,,,no,,,,,AGROSCOPE,ERA29265012,,public,A0E8D8B4A79B36A6401BED4B7354021A,FAC987CB51635A81121870C2B974EF98
ERR16932737,2026/4/1 2:00,2026/4/4 0:10,8613779,48289454019,0,5606,40286,,https://sra-downloadb.be-md.ncbi.nlm.nih.gov/sos10/sra-pub-run-1001/ERR016/16932/ERR16932737/ERR16932737.1,ERX16317793,,WGS,RANDOM,GENOMIC,SINGLE,0,0,OXFORD_NANOPORE,PromethION,ERP157467,PRJEB72688,,1204689,ERS29506609,SAMEA122002063,simple,4565,Triticum aestivum,SAMEA122002063,,,,,,,no,,,,,AGROSCOPE,ERA36047188,,public,5986E6353C86735D17BF7015D5FD88C3,6770B6CCF2FDCB5A4842F3C510273BAC
ERR16941880,2026/4/2 23:55,2026/4/3 17:54,14723926,52152081829,0,3541,45184,,https://sra-downloadb.be-md.ncbi.nlm.nih.gov/sos10/sra-pub-run-1001/ERR016/16941/ERR16941880/ERR16941880.1,ERX16326793,,WGS,RANDOM,GENOMIC,SINGLE,0,0,OXFORD_NANOPORE,PromethION,ERP157467,PRJEB72688,,1204689,ERS29506612,SAMEA122002066,simple,4565,Triticum aestivum,SAMEA122002066,,,,,,,no,,,,,AGROSCOPE,ERA36051011,,public,620DAC03FC434102F0FDF126FF576497,DAB434859997392403825F042C943D24
ERR16958955,2026/4/3 0:31,2026/4/3 20:30,12694063,66846131300,0,5265,57121,,https://sra-downloadb.be-md.ncbi.nlm.nih.gov/sos10/sra-pub-run-1001/ERR016/16958/ERR16958955/ERR16958955.1,ERX16342551,,WGS,RANDOM,GENOMIC,SINGLE,0,0,OXFORD_NANOPORE,PromethION,ERP157467,PRJEB72688,,1204689,ERS29506614,SAMEA122002068,simple,4565,Triticum aestivum,SAMEA122002068,,,,,,,no,,,,,AGROSCOPE,ERA36053599,,public,E179173A59C85F762DC4B509A3B39B46,060D3A6006F25608D04A08C57CE821D1
ERR16962265,2026/4/4 0:29,2026/4/4 9:11,19790137,67724474272,0,3422,56791,,https://sra-downloadb.be-md.ncbi.nlm.nih.gov/sos10/sra-pub-run-1001/ERR016/16962/ERR16962265/ERR16962265.1,ERX16345839,,WGS,RANDOM,GENOMIC,SINGLE,0,0,OXFORD_NANOPORE,PromethION,ERP157467,PRJEB72688,,1204689,ERS29506610,SAMEA122002064,simple,4565,Triticum aestivum,SAMEA122002064,,,,,,,no,,,,,AGROSCOPE,ERA36056297,,public,149A981B2A2FD51FAE4ECAF83926EAD9,4E981A954EDCD85FB9CD1927BAA85E0B
ERR16977911,2026/4/8 0:50,2026/4/8 15:33,22713105,63762686856,0,2807,55768,,https://sra-downloadb.be-md.ncbi.nlm.nih.gov/sos10/sra-pub-run-1001/ERR016/16977/ERR16977911/ERR16977911.1,ERX16361477,,WGS,RANDOM,GENOMIC,SINGLE,0,0,OXFORD_NANOPORE,PromethION,ERP157467,PRJEB72688,,1204689,ERS29506613,SAMEA122002067,simple,4565,Triticum aestivum,SAMEA122002067,,,,,,,no,,,,,AGROSCOPE,ERA36060343,,public,F55E17FA5821CB5A87B32A0F18BD85C7,7A838915B1ECF70C7F48772E705F8EB4
ERR16981186,2026/4/9 22:09,2026/4/10 5:15,16686204,63105558607,0,3781,54297,,https://sra-downloadb.be-md.ncbi.nlm.nih.gov/sos10/sra-pub-run-1001/ERR016/16981/ERR16981186/ERR16981186.1,ERX16364723,,WGS,RANDOM,GENOMIC,SINGLE,0,0,OXFORD_NANOPORE,PromethION,ERP157467,PRJEB72688,,1204689,ERS29506615,SAMEA122002069,simple,4565,Triticum aestivum,SAMEA122002069,,,,,,,no,,,,,AGROSCOPE,ERA36060785,,public,30451093113EB3577131A065885A7B41,30FC8F697D1B87A1BEB91BA09D3A3962
ERR1830498,2017/2/21 15:18,2017/2/23 4:20,37043,13765251,37043,371,9,,https://sra-downloadb.be-md.ncbi.nlm.nih.gov/sos5/sra-pub-zq-11/ERR001/830/ERR1830498/ERR1830498.sralite.1,ERX1892474,AtCG1,WGS,RANDOM,GENOMIC,PAIRED,300,0,ILLUMINA,Illumina MiSeq,ERP015098,PRJEB13537,,343099,ERS1555991,SAMEA88407418,simple,3702,Arabidopsis thaliana,SAMEA88407418,,,,,,,no,,,,,INSTITUT DE RECHERCHE POUR LE DEVELOPPEMENT,ERA812843,,public,B0A0CC365A83047D5D3EF4FD4CD38689,9A7C14710BB3CAF97B4352E6D2112A73
ERR1830499,2017/2/21 15:18,2017/2/23 4:20,85455,37057518,85455,433,25,,https://sra-downloadb.be-md.ncbi.nlm.nih.gov/sos5/sra-pub-zq-11/ERR001/830/ERR1830499/ERR1830499.sralite.1,ERX1892475,AtCT1,WGS,RANDOM,GENOMIC,PAIRED,300,0,ILLUMINA,Illumina MiSeq,ERP015098,PRJEB13537,,343099,ERS1555992,SAMEA88408168,simple,3702,Arabidopsis thaliana,SAMEA88408168,,,,,,,no,,,,,INSTITUT DE RECHERCHE POUR LE DEVELOPPEMENT,ERA812843,,public,3A75E59BCDB1AB66266CC60F2A9B021D,7377B08FDB9623257FF65EA9C4219878
ERR1830500,2017/2/21 15:18,2017/2/23 4:21,207641,57717640,207641,277,38,,https://sra-downloadb.be-md.ncbi.nlm.nih.gov/sos5/sra-pub-zq-11/ERR001/830/ERR1830500/ERR1830500.sralite.1,ERX1892476,AteG1,WGS,RANDOM,GENOMIC,PAIRED,300,0,ILLUMINA,Illumina MiSeq,ERP015098,PRJEB13537,,343099,ERS1555984,SAMEA88402168,simple,3702,Arabidopsis thaliana,SAMEA88402168,,,,,,,no,,,,,INSTITUT DE RECHERCHE POUR LE DEVELOPPEMENT,ERA812843,,public,D994022A580C42A7E842BAE3003C18C1,08D14C395DEAD0ED5C1AC32BC1749531
ERR1830501,2017/2/21 15:18,2017/2/23 4:21,293959,112894349,293959,384,76,,https://sra-downloadb.be-md.ncbi.nlm.nih.gov/sos5/sra-pub-zq-11/ERR001/830/ERR1830501/ERR1830501.sralite.1,ERX1892477,AteT1,WGS,RANDOM,GENOMIC,PAIRED,300,0,ILLUMINA,Illumina MiSeq,ERP015098,PRJEB13537,,343099,ERS1555985,SAMEA88402918,simple,3702,Arabidopsis thaliana,SAMEA88402918,,,,,,,no,,,,,INSTITUT DE RECHERCHE POUR LE DEVELOPPEMENT,ERA812843,,public,EB9BB0E5E61B80EBCD90FECB5449C27B,F240C246C75ACA6B3DC98404D8258E0E
ERR1830502,2017/2/21 15:18,2017/2/23 4:22,970819,342998145,970819,353,222,,https://sra-downloadb.be-md.ncbi.nlm.nih.gov/sos5/sra-pub-zq-11/ERR001/830/ERR1830502/ERR1830502.sralite.1,ERX1892478,OsCT1,WGS,RANDOM,GENOMIC,PAIRED,300,0,ILLUMINA,Illumina MiSeq,ERP015098,PRJEB13537,,343099,ERS1555986,SAMEA88403668,simple,39947,Oryza sativa Japonica Group,SAMEA88403668,,,,,,,no,,,,,INSTITUT DE RECHERCHE POUR LE DEVELOPPEMENT,ERA812843,,public,FC903CE19F14F9F90FB364C08D0B10F9,C82B527090D45ACA0C6D5BD15802F536
ERR1830503,2017/2/21 15:18,2017/2/23 4:23,2006406,629478911,2006406,313,365,,https://sra-downloadb.be-md.ncbi.nlm.nih.gov/sos5/sra-pub-zq-11/ERR001/830/ERR1830503/ERR1830503.sralite.1,ERX1892479,CR,WGS,RANDOM,GENOMIC,PAIRED,300,0,ILLUMINA,Illumina MiSeq,ERP015098,PRJEB13537,,343099,ERS1555987,SAMEA88404418,simple,39947,Oryza sativa Japonica Group,SAMEA88404418,,,,,,,no,,,,,INSTITUT DE RECHERCHE POUR LE DEVELOPPEMENT,ERA812843,,public,96C9C2AAC0F4D1BB4778962142DE4539,9F89CCAEFA68E55EF0C6A9FDB6CACBA0
ERR1830504,2017/2/21 15:18,2017/2/23 4:23,857780,289447437,857780,337,189,,https://sra-downloadb.be-md.ncbi.nlm.nih.gov/sos5/sra-pub-zq-11/ERR001/830/ERR1830504/ERR1830504.sralite.1,ERX1892480,OsCG1,WGS,RANDOM,GENOMIC,PAIRED,300,0,ILLUMINA,Illumina MiSeq,ERP015098,PRJEB13537,,343099,ERS1555988,SAMEA88405168,simple,39947,Oryza sativa Japonica Group,SAMEA88405168,,,,,,,no,,,,,INSTITUT DE RECHERCHE POUR LE DEVELOPPEMENT,ERA812843,,public,DD42A184D1ABAE7DE8A03AD4853F0A0E,83DE60484D5B598876460F584DBF4987
ERR1830505,2017/2/21 15:18,2017/2/23 4:24,1474492,491035276,1474492,333,323,,https://sra-downloadb.be-md.ncbi.nlm.nih.gov/sos5/sra-pub-zq-11/ERR001/830/ERR1830505/ERR1830505.sralite.1,ERX1892481,OsLT1,WGS,RANDOM,GENOMIC,PAIRED,300,0,ILLUMINA,Illumina MiSeq,ERP015098,PRJEB13537,,343099,ERS1555989,SAMEA88405918,simple,39947,Oryza sativa Japonica Group,SAMEA88405918,,,,,,,no,,,,,INSTITUT DE RECHERCHE POUR LE DEVELOPPEMENT,ERA812843,,public,FB7EAC1EAF5988B8069283A4E69EC80D,94F24F2B2A5744180100990385C02274
ERR1830506,2017/2/21 15:18,2017/2/23 4:25,1377010,408830416,1377010,296,268,,https://sra-downloadb.be-md.ncbi.nlm.nih.gov/sos5/sra-pub-zq-11/ERR001/830/ERR1830506/ERR1830506.sralite.1,ERX1892482,OsLG1,WGS,RANDOM,GENOMIC,PAIRED,300,0,ILLUMINA,Illumina MiSeq,ERP015098,PRJEB13537,,343099,ERS1555993,SAMEA88408918,simple,39947,Oryza sativa Japonica Group,SAMEA88408918,,,,,,,no,,,,,INSTITUT DE RECHERCHE POUR LE DEVELOPPEMENT,ERA812843,,public,3431C74087BFF6161B7ACEE121F6FC68,72252AFF6C74EFD57EDFAD83C1265407
ERR1830507,2017/2/21 15:18,2017/2/23 4:24,1091890,287780834,1091890,263,172,,https://sra-downloadb.be-md.ncbi.nlm.nih.gov/sos5/sra-pub-zq-11/ERR001/830/ERR1830507/ERR1830507.sralite.1,ERX1892483,R2S,WGS,RANDOM,GENOMIC,PAIRED,300,0,ILLUMINA,Illumina MiSeq,ERP015098,PRJEB13537,,343099,ERS1555994,SAMEA88409668,simple,39947,Oryza sativa Japonica Group,SAMEA88409668,,,,,,,no,,,,,INSTITUT DE RECHERCHE POUR LE DEVELOPPEMENT,ERA812843,,public,FE6520A4352D3054EBCB33BAA265731F,79D4EE4E150830A5091D2821D827EB9F
ERR1830508,2017/2/21 15:18,2017/2/23 4:24,656794,208394181,656794,317,123,,https://sra-downloadb.be-md.ncbi.nlm.nih.gov/sos5/sra-pub-zq-11/ERR001/830/ERR1830508/ERR1830508.sralite.1,ERX1892484,GR,WGS,RANDOM,GENOMIC,PAIRED,300,0,ILLUMINA,Illumina MiSeq,ERP015098,PRJEB13537,,343099,ERS1555990,SAMEA88406668,simple,39947,Oryza sativa Japonica Group,SAMEA88406668,,,,,,,no,,,,,INSTITUT DE RECHERCHE POUR LE DEVELOPPEMENT,ERA812843,,public,14C9FF4655ADEC7D82946A51A49435D9,8774F8E24F8D2D0409B678288D8DEE03
ERR6326000,2021/9/30 11:25,2021/10/8 1:37,337345,169347190,337345,502,94,,https://sra-downloadb.be-md.ncbi.nlm.nih.gov/sos8/sra-pub-zq-820/ERR006/6326/ERR6326000/ERR6326000.lite.1,ERX5957697,unspecified,OTHER,other,OTHER,PAIRED,1,0,ILLUMINA,Illumina HiSeq 3000,ERP130605,PRJEB46420,,748321,ERS6670417,SAMEA8987716,simple,3702,Arabidopsis thaliana,SAMEA8987716,,,,,,,no,,,,,INSTITUT DE RECHERCHE POUR LE DEVELOPPEMENT,ERA5299454,,public,F04936E9CC75E34738911B3C4007E304,BE37C63DD8333AE3CFA722720BC4183B
ERR6326020,2021/9/26 1:08,2021/9/26 20:27,154105,430691964,0,2794,370,,https://sra-downloadb.be-md.ncbi.nlm.nih.gov/sos8/sra-pub-run-834/ERR006/6326/ERR6326020/ERR6326020.1,ERX5957717,eccDNA,OTHER,other,OTHER,SINGLE,0,0,OXFORD_NANOPORE,MinION,ERP130605,PRJEB46420,,748321,ERS6670423,SAMEA8987722,simple,4565,Triticum aestivum,SAMEA8987722,,,,,,,no,,,,,INSTITUT DE RECHERCHE POUR LE DEVELOPPEMENT,ERA5301383,,public,0672B6B388EB66F5B161D6A7BAE45717,BFC57159C96A4C52275D460259F10047
ERR6326021,2021/9/26 1:08,2021/9/26 20:24,85068,179685981,0,2112,154,,https://sra-downloadb.be-md.ncbi.nlm.nih.gov/sos8/sra-pub-run-834/ERR006/6326/ERR6326021/ERR6326021.1,ERX5957718,eccDNA,OTHER,other,OTHER,SINGLE,0,0,OXFORD_NANOPORE,MinION,ERP130605,PRJEB46420,,748321,ERS6670424,SAMEA8987723,simple,4565,Triticum aestivum,SAMEA8987723,,,,,,,no,,,,,INSTITUT DE RECHERCHE POUR LE DEVELOPPEMENT,ERA5301383,,public,A7E28C7A0960C8E403BCDB23699DB11B,2D94E926F378FB1E43B701D812F1F7A8
ERR6326075,2021/9/26 1:08,2021/11/16 17:15,461754,231800508,461754,502,128,,https://sra-downloadb.be-md.ncbi.nlm.nih.gov/sos4/sra-pub-zq-1/ERR006/6326/ERR6326075/ERR6326075.lite.1,ERX5957772,unspecified,OTHER,other,OTHER,PAIRED,1,0,ILLUMINA,Illumina HiSeq 4000,ERP130605,PRJEB46420,,748321,ERS6670451,SAMEA8987750,simple,3702,Arabidopsis thaliana,SAMEA8987750,,,,,,,no,,,,,INSTITUT DE RECHERCHE POUR LE DEVELOPPEMENT,ERA5302847,,public,CD8829AA2D57CEF3B4FBA8C364B8E66E,90C2964E5788535AF89EB8C29D5758BE
ERR6326076,2021/9/26 1:08,2021/9/26 20:22,279299,140208098,279299,502,78,,https://sra-downloadb.be-md.ncbi.nlm.nih.gov/sos8/sra-pub-zq-818/ERR006/6326/ERR6326076/ERR6326076.lite.1,ERX5957773,unspecified,OTHER,other,OTHER,PAIRED,1,0,ILLUMINA,Illumina HiSeq 4000,ERP130605,PRJEB46420,,748321,ERS6670452,SAMEA8987751,simple,3702,Arabidopsis thaliana,SAMEA8987751,,,,,,,no,,,,,INSTITUT DE RECHERCHE POUR LE DEVELOPPEMENT,ERA5302847,,public,7E32CD2C395468C8C24BD553AB54BDFF,DF8BCEA42258BCF1B44B3BBFFD5DE7F6
ERR6326077,2021/9/26 1:08,2021/9/26 20:23,661934,332290868,661934,502,183,,https://sra-downloadb.be-md.ncbi.nlm.nih.gov/sos8/sra-pub-zq-818/ERR006/6326/ERR6326077/ERR6326077.lite.1,ERX5957774,unspecified,OTHER,other,OTHER,PAIRED,1,0,ILLUMINA,Illumina HiSeq 4000,ERP130605,PRJEB46420,,748321,ERS6670453,SAMEA8987752,simple,3702,Arabidopsis thaliana,SAMEA8987752,,,,,,,no,,,,,INSTITUT DE RECHERCHE POUR LE DEVELOPPEMENT,ERA5302847,,public,43888297CAA1E933E0140A6C55F83AE9,8EED5FE2C7CD03036D9BC783677E0FCB
ERR6326084,2021/9/26 4:39,2021/9/27 4:53,4098054,2057223108,4098054,502,701,,https://sra-downloadb.be-md.ncbi.nlm.nih.gov/sos8/sra-pub-zq-818/ERR006/6326/ERR6326084/ERR6326084.lite.1,ERX5957781,eccDNA,OTHER,other,OTHER,PAIRED,1,0,ILLUMINA,Illumina HiSeq 4000,ERP130605,PRJEB46420,,748321,ERS6670460,SAMEA8987759,simple,4565,Triticum aestivum,SAMEA8987759,,,,,,,no,,,,,INSTITUT DE RECHERCHE POUR LE DEVELOPPEMENT,ERA5302992,,public,80B1EFBB882F0D039B14435BFE4BCB29,9D738C20A9E2933AE2D46BE75A21E91E
ERR6326085,2021/9/26 4:39,2021/9/27 4:59,4192164,2104466328,4192164,502,716,,https://sra-downloadb.be-md.ncbi.nlm.nih.gov/sos4/sra-pub-zq-1/ERR006/6326/ERR6326085/ERR6326085.lite.1,ERX5957782,eccDNA,OTHER,other,OTHER,PAIRED,1,0,ILLUMINA,Illumina HiSeq 4000,ERP130605,PRJEB46420,,748321,ERS6670461,SAMEA8987760,simple,4565,Triticum aestivum,SAMEA8987760,,,,,,,no,,,,,INSTITUT DE RECHERCHE POUR LE DEVELOPPEMENT,ERA5302992,,public,EED850FBBB9ACCB10EC57366145F637C,B6B4D4D068F51456336C79831D2C5467
ERR6559223,2021/9/28 4:37,2021/10/4 7:00,337345,169347190,337345,502,94,,https://sra-downloadb.be-md.ncbi.nlm.nih.gov/sos8/sra-pub-zq-820/ERR006/6559/ERR6559223/ERR6559223.lite.1,ERX6185413,unspecified,OTHER,other,OTHER,PAIRED,250,0,ILLUMINA,Illumina HiSeq 4000,ERP130605,PRJEB46420,,748321,ERS7274081,SAMEA9551324,simple,3702,Arabidopsis thaliana,SAMEA9551324,,,,,,,no,,,,,INSTITUT DE RECHERCHE POUR LE DEVELOPPEMENT,ERA5917884,,public,F04936E9CC75E34738911B3C4007E304,BE37C63DD8333AE3CFA722720BC4183B
ERR9968613,2022/7/19 22:04,2022/7/29 1:44,1630989,544681665,1630989,333,328,,https://sra-downloadb.be-md.ncbi.nlm.nih.gov/sos8/sra-pub-zq-818/ERR009/9968/ERR9968613/ERR9968613.lite.1,ERX9510378,eccDNA-seq,OTHER,other,OTHER,PAIRED,0,0,ILLUMINA,Illumina HiSeq 4000,ERP138467,PRJEB53656,,851686,ERS12476078,SAMEA110377882,simple,3702,Arabidopsis thaliana,SAMEA110377882,,,,,,,no,,,,,INSTITUT DE RECHERCHE POUR LE DEVELOPPEMENT,ERA16479788,,public,6F4E3FAB818A2FBB4B85EB684DCA8E09,8A7FEB6EDF9658BB38240DEC175CB7F3
ERR9968689,2022/7/19 22:04,2022/7/29 23:55,1591273,556707244,1591273,349,332,,https://sra-downloadb.be-md.ncbi.nlm.nih.gov/sos9/sra-pub-zq-924/ERR009/9968/ERR9968689/ERR9968689.lite.1,ERX9510454,eccDNA-seq,OTHER,other,OTHER,PAIRED,0,0,ILLUMINA,Illumina HiSeq 4000,ERP138467,PRJEB53656,,851686,ERS12476079,SAMEA110377883,simple,3702,Arabidopsis thaliana,SAMEA110377883,,,,,,,no,,,,,INSTITUT DE RECHERCHE POUR LE DEVELOPPEMENT,ERA16479791,,public,FA871C0DC483614B434AAB955A285D3E,2A9EF9679D4ED14C8E41C654C47418F7
ERR9968690,2022/7/19 22:04,2022/7/29 23:55,1302090,461897351,1302090,354,283,,https://sra-downloadb.be-md.ncbi.nlm.nih.gov/sos9/sra-pub-zq-922/ERR009/9968/ERR9968690/ERR9968690.lite.1,ERX9510455,eccDNA-seq,OTHER,other,OTHER,PAIRED,0,0,ILLUMINA,Illumina HiSeq 4000,ERP138467,PRJEB53656,,851686,ERS12476080,SAMEA110377884,simple,3702,Arabidopsis thaliana,SAMEA110377884,,,,,,,no,,,,,INSTITUT DE RECHERCHE POUR LE DEVELOPPEMENT,ERA16479791,,public,E6E4973D37B9020501EE38C930DE1D7F,272FBC805A7F250B6BDC9AD10552257B
ERR9968691,2022/7/19 22:04,2022/7/29 23:55,1250101,443528692,1250101,354,266,,https://sra-downloadb.be-md.ncbi.nlm.nih.gov/sos9/sra-pub-zq-924/ERR009/9968/ERR9968691/ERR9968691.lite.1,ERX9510456,eccDNA-seq,OTHER,other,OTHER,PAIRED,0,0,ILLUMINA,Illumina HiSeq 4000,ERP138467,PRJEB53656,,851686,ERS12476081,SAMEA110377885,simple,3702,Arabidopsis thaliana,SAMEA110377885,,,,,,,no,,,,,INSTITUT DE RECHERCHE POUR LE DEVELOPPEMENT,ERA16479791,,public,CF5E9CCD68D0EF3E0F365B33FFCEB5D6,46A99FC4C74593C233165DE242329749
ERR9968692,2022/7/19 22:04,2022/7/29 23:55,1506958,523570273,1506958,347,320,,https://sra-downloadb.be-md.ncbi.nlm.nih.gov/sos9/sra-pub-zq-924/ERR009/9968/ERR9968692/ERR9968692.lite.1,ERX9510457,eccDNA-seq,OTHER,other,OTHER,PAIRED,0,0,ILLUMINA,Illumina HiSeq 4000,ERP138467,PRJEB53656,,851686,ERS12476082,SAMEA110377886,simple,3702,Arabidopsis thaliana,SAMEA110377886,,,,,,,no,,,,,INSTITUT DE RECHERCHE POUR LE DEVELOPPEMENT,ERA16479791,,public,0C57A2F925A77C6A1D11E33CBED9C531,A0503B1D3B19E9ADF764F332463BD9F0
ERR9968693,2022/7/19 22:04,2022/7/29 23:55,1571665,539818576,1571665,343,328,,https://sra-downloadb.be-md.ncbi.nlm.nih.gov/sos9/sra-pub-zq-924/ERR009/9968/ERR9968693/ERR9968693.lite.1,ERX9510458,eccDNA-seq,OTHER,other,OTHER,PAIRED,0,0,ILLUMINA,Illumina HiSeq 4000,ERP138467,PRJEB53656,,851686,ERS12476083,SAMEA110377887,simple,3702,Arabidopsis thaliana,SAMEA110377887,,,,,,,no,,,,,INSTITUT DE RECHERCHE POUR LE DEVELOPPEMENT,ERA16479791,,public,8144C98D4238E81F660741F6411B5645,863D37EC2CCB2401109FB867601E94B8
SRR10163228,2020/3/10 1:20,2019/9/23 11:14,26556675,7967002500,26556675,300,2444,,https://sra-downloadb.be-md.ncbi.nlm.nih.gov/sos9/sra-pub-zq-922/SRR010/163/SRR10163228.sralite.1,SRX6888628,stem4,WGS,RANDOM,GENOMIC,PAIRED,0,0,ILLUMINA,Illumina HiSeq 3000,SRP222959,PRJNA572559,,572559,SRS5421633,SAMN12793228,simple,3702,Arabidopsis thaliana,eccDNA_stem,,,,,,,no,,,,,SHANDONG AGRICULTURAL UNIVERSITY,SRA965221,,public,4461B91B9736C03D494DDF7A6520FCDE,8A949CB1D5C5A0C91A68DE55BDD51E27
SRR10163229,2020/3/10 1:20,2019/9/23 11:17,30177190,9053157000,30177190,300,2788,,https://sra-downloadb.be-md.ncbi.nlm.nih.gov/sos5/sra-pub-zq-14/SRR010/163/SRR10163229.sralite.1,SRX6888627,stem3,WGS,RANDOM,GENOMIC,PAIRED,0,0,ILLUMINA,Illumina HiSeq 3000,SRP222959,PRJNA572559,,572559,SRS5421633,SAMN12793228,simple,3702,Arabidopsis thaliana,eccDNA_stem,,,,,,,no,,,,,SHANDONG AGRICULTURAL UNIVERSITY,SRA965221,,public,18F2E069B478988EF4C27C88DF273F63,3CD8B32296D98D03105BDFD51A9D2D7D
SRR10163230,2020/3/10 1:20,2019/9/23 11:12,24530522,7359156600,24530522,300,2362,,https://sra-downloadb.be-md.ncbi.nlm.nih.gov/sos5/sra-pub-zq-14/SRR010/163/SRR10163230.sralite.1,SRX6888626,flower4,WGS,RANDOM,GENOMIC,PAIRED,0,0,ILLUMINA,Illumina HiSeq 3000,SRP222959,PRJNA572559,,572559,SRS5421631,SAMN12793227,simple,3702,Arabidopsis thaliana,eccDNA_flower,,,,,,,no,,,,,SHANDONG AGRICULTURAL UNIVERSITY,SRA965221,,public,1938E1A05482ECB922F05818334FF601,5F45F339F8260D55551A983E2A27F3DA
SRR10163231,2020/3/10 1:20,2019/9/23 11:14,23742770,7122831000,23742770,300,2204,,https://sra-downloadb.be-md.ncbi.nlm.nih.gov/sos5/sra-pub-zq-14/SRR010/163/SRR10163231.sralite.1,SRX6888625,flower3,WGS,RANDOM,GENOMIC,PAIRED,0,0,ILLUMINA,Illumina HiSeq 3000,SRP222959,PRJNA572559,,572559,SRS5421631,SAMN12793227,simple,3702,Arabidopsis thaliana,eccDNA_flower,,,,,,,no,,,,,SHANDONG AGRICULTURAL UNIVERSITY,SRA965221,,public,80BAAE43604B0B53BB3278B441913FEA,06831E3AF4E047B1AD949DE848688383
SRR10163232,2020/3/10 1:20,2019/9/23 11:17,28928368,8678510400,28928368,300,2659,,https://sra-downloadb.be-md.ncbi.nlm.nih.gov/sos5/sra-pub-zq-14/SRR010/163/SRR10163232.sralite.1,SRX6888624,leaf3,WGS,RANDOM,GENOMIC,PAIRED,0,0,ILLUMINA,Illumina HiSeq 3000,SRP222959,PRJNA572559,,572559,SRS5421630,SAMN12793226,simple,3702,Arabidopsis thaliana,eccDNA_leaf,,,,,,,no,,,,,SHANDONG AGRICULTURAL UNIVERSITY,SRA965221,,public,AAB80E4DC7FE52E2F4F424AD331CBC05,97542F92C7D9B3A43479AA193C56329F
SRR10163233,2020/3/10 1:20,2019/9/23 11:13,21908105,6572431500,21908105,300,2081,,https://sra-downloadb.be-md.ncbi.nlm.nih.gov/sos5/sra-pub-zq-14/SRR010/163/SRR10163233.sralite.1,SRX6888623,leaf2,WGS,RANDOM,GENOMIC,PAIRED,0,0,ILLUMINA,Illumina HiSeq 3000,SRP222959,PRJNA572559,,572559,SRS5421630,SAMN12793226,simple,3702,Arabidopsis thaliana,eccDNA_leaf,,,,,,,no,,,,,SHANDONG AGRICULTURAL UNIVERSITY,SRA965221,,public,0F5DB40E58CD0B7B4E87AB1E7B5F9B28,DF187A06CBC9C81AB0F2806AF33E165B
SRR10163234,2020/3/10 1:20,2019/9/23 11:17,30692681,9207804300,30692681,300,2955,,https://sra-downloadb.be-md.ncbi.nlm.nih.gov/sos5/sra-pub-zq-14/SRR010/163/SRR10163234.sralite.1,SRX6888622,root2,WGS,RANDOM,GENOMIC,PAIRED,0,0,ILLUMINA,Illumina HiSeq 3000,SRP222959,PRJNA572559,,572559,SRS5421632,SAMN12793229,simple,3702,Arabidopsis thaliana,eccDNA_root,,,,,,,no,,,,,SHANDONG AGRICULTURAL UNIVERSITY,SRA965221,,public,8239AE9D4710570611ABD0033FE9C9F1,252D9F98998D8FEC905D3D227914A704
SRR10163235,2020/3/10 1:20,2019/9/23 11:16,28314195,8494258500,28314195,300,2687,,https://sra-downloadb.be-md.ncbi.nlm.nih.gov/sos5/sra-pub-zq-14/SRR010/163/SRR10163235.sralite.1,SRX6888621,stem2,WGS,RANDOM,GENOMIC,PAIRED,0,0,ILLUMINA,Illumina HiSeq 3000,SRP222959,PRJNA572559,,572559,SRS5421633,SAMN12793228,simple,3702,Arabidopsis thaliana,eccDNA_stem,,,,,,,no,,,,,SHANDONG AGRICULTURAL UNIVERSITY,SRA965221,,public,0BBF780F1D63FC64367081E041173BB9,B249C9AE88463C26E33B9EFEBA5E5C11
SRR10163236,2020/3/10 1:20,2019/9/23 11:19,31949919,9584975700,31949919,300,3003,,https://sra-downloadb.be-md.ncbi.nlm.nih.gov/sos5/sra-pub-zq-14/SRR010/163/SRR10163236.sralite.1,SRX6888620,root4,WGS,RANDOM,GENOMIC,PAIRED,0,0,ILLUMINA,Illumina HiSeq 3000,SRP222959,PRJNA572559,,572559,SRS5421632,SAMN12793229,simple,3702,Arabidopsis thaliana,eccDNA_root,,,,,,,no,,,,,SHANDONG AGRICULTURAL UNIVERSITY,SRA965221,,public,EE01D17DEB3495975340E7C504125921,49B0FED4DEA098F49575A311A3581FD1
SRR10163237,2020/3/10 1:20,2019/9/23 11:18,30748624,9224587200,30748624,300,2908,,https://sra-downloadb.be-md.ncbi.nlm.nih.gov/sos5/sra-pub-zq-14/SRR010/163/SRR10163237.sralite.1,SRX6888619,root3,WGS,RANDOM,GENOMIC,PAIRED,0,0,ILLUMINA,Illumina HiSeq 3000,SRP222959,PRJNA572559,,572559,SRS5421632,SAMN12793229,simple,3702,Arabidopsis thaliana,eccDNA_root,,,,,,,no,,,,,SHANDONG AGRICULTURAL UNIVERSITY,SRA965221,,public,4109A8DFC102AB65E90ADE9E9587FDD3,3480AE0AA8574FA939BDB02B5D899DF3
SRR10163238,2020/3/10 1:20,2019/9/23 11:18,31369770,9410931000,31369770,300,2932,,https://sra-downloadb.be-md.ncbi.nlm.nih.gov/sos5/sra-pub-zq-14/SRR010/163/SRR10163238.sralite.1,SRX6888618,flower1,WGS,RANDOM,GENOMIC,PAIRED,0,0,ILLUMINA,Illumina HiSeq 3000,SRP222959,PRJNA572559,,572559,SRS5421631,SAMN12793227,simple,3702,Arabidopsis thaliana,eccDNA_flower,,,,,,,no,,,,,SHANDONG AGRICULTURAL UNIVERSITY,SRA965221,,public,19F6A0FC3D9765E528013F6F567015B7,CCA4E1CF6C905B098F6395B356F8CA62
SRR10163239,2020/3/10 1:20,2019/9/23 11:16,27744300,8323290000,27744300,300,2562,,https://sra-downloadb.be-md.ncbi.nlm.nih.gov/sos5/sra-pub-zq-14/SRR010/163/SRR10163239.sralite.1,SRX6888617,leaf1,WGS,RANDOM,GENOMIC,PAIRED,0,0,ILLUMINA,Illumina HiSeq 3000,SRP222959,PRJNA572559,,572559,SRS5421630,SAMN12793226,simple,3702,Arabidopsis thaliana,eccDNA_leaf,,,,,,,no,,,,,SHANDONG AGRICULTURAL UNIVERSITY,SRA965221,,public,F71BE84DE61AB66E17B68AECD44ED8EB,9E3937926CAA0621B68A1AD87A666818
SRR13922189,2022/4/22 3:25,2021/3/10 9:18,482978,193873188,482978,401,134,,https://sra-downloadb.be-md.ncbi.nlm.nih.gov/sos1/sra-pub-zq-38/SRR013/13922/SRR13922189/SRR13922189.lite.1,SRX10301655,K10p_mob,OTHER,RANDOM,OTHER,PAIRED,0,0,ILLUMINA,Illumina MiSeq,SRP310078,PRJNA712991,,712991,SRS8423639,SAMN18238199,simple,4039,Daucus carota,K10p_mob,,,,,,,no,,,,,UNIVERSITY OF AGRICULTURE IN KRAKOW,SRA1204764,,public,84D144026D5349810827A5A7C52B25E9,AFAEFBFC08957BA80CFBF24B558C8476
SRR13922190,2022/4/22 3:25,2021/3/10 9:18,651930,263022374,651930,403,181,,https://sra-downloadb.be-md.ncbi.nlm.nih.gov/sos1/sra-pub-zq-38/SRR013/13922/SRR13922190/SRR13922190.lite.1,SRX10301654,K10w_mob,OTHER,RANDOM,OTHER,PAIRED,0,0,ILLUMINA,Illumina MiSeq,SRP310078,PRJNA712991,,712991,SRS8423638,SAMN18238198,simple,4039,Daucus carota,K10w_mob,,,,,,,no,,,,,UNIVERSITY OF AGRICULTURE IN KRAKOW,SRA1204764,,public,56F4979E316879A4F95AA9DE76D77F13,C723ED856EFB8873649E95050BE1BE40
SRR13922191,2022/4/22 3:25,2021/3/10 9:18,510885,206114528,510885,403,143,,https://sra-downloadb.be-md.ncbi.nlm.nih.gov/sos4/sra-pub-zq-1/SRR013/13922/SRR13922191/SRR13922191.lite.1,SRX10301653,DH1po_mob,OTHER,RANDOM,OTHER,PAIRED,0,0,ILLUMINA,Illumina MiSeq,SRP310078,PRJNA712991,,712991,SRS8423636,SAMN18238197,simple,4039,Daucus carota,DH1po_mob,,,,,,,no,,,,,UNIVERSITY OF AGRICULTURE IN KRAKOW,SRA1204764,,public,6240063424123F6ADA2BD34BBEB482BA,40708C628D300E9FAFFC2B286CB1C648
SRR13922192,2022/4/22 3:25,2021/3/10 9:18,542411,218231770,542411,402,151,,https://sra-downloadb.be-md.ncbi.nlm.nih.gov/sos4/sra-pub-zq-1/SRR013/13922/SRR13922192/SRR13922192.lite.1,SRX10301652,DH1do_mob,OTHER,RANDOM,OTHER,PAIRED,0,0,ILLUMINA,Illumina MiSeq,SRP310078,PRJNA712991,,712991,SRS8423637,SAMN18238196,simple,4039,Daucus carota,DH1do_mob,,,,,,,no,,,,,UNIVERSITY OF AGRICULTURE IN KRAKOW,SRA1204764,,public,122822A88DFCAB8B9B15E4462232203B,3F70AC21F7159FD3261AE02DD3476110
SRR16958684,2021/11/16 15:51,2021/11/16 15:44,65791,474514869,0,7212,176,,https://sra-downloadb.be-md.ncbi.nlm.nih.gov/sos9/sra-pub-zq-924/SRR016/16958/SRR16958684/SRR16958684.lite.1,SRX13150263,md_r,AMPLICON,RANDOM PCR,GENOMIC,SINGLE,0,0,PACBIO_SMRT,PacBio RS,SRP346396,PRJNA780915,,780915,SRS11082595,SAMN23211513,simple,107608,Amaranthus palmeri,md_r,,,,,,,no,,,,,CLEMSON UNIVERSITY,SRA1330260,,public,DF227544A1CA68B72E99BFEDEBBEA6E8,A181841DD0D45BDA5A91A1BEDEA18C07
SRR16958685,2021/11/16 15:51,2021/11/16 15:44,64873,499489675,0,7699,190,,https://sra-downloadb.be-md.ncbi.nlm.nih.gov/sos4/sra-pub-run-30/SRR016/16958/SRR16958685/SRR16958685.1,SRX13150262,ms_s,AMPLICON,RANDOM PCR,GENOMIC,SINGLE,0,0,PACBIO_SMRT,PacBio RS,SRP346396,PRJNA780915,,780915,SRS11082594,SAMN23211515,simple,107608,Amaranthus palmeri,ms_s,,,,,,,no,,,,,CLEMSON UNIVERSITY,SRA1330260,,public,DB55445026CFF09E062DF2F16A29847C,EC529A99DD702BDD01964CEC9DE5743A
SRR16958686,2021/11/16 15:53,2021/11/16 15:46,59399,421923513,0,7103,153,,https://sra-downloadb.be-md.ncbi.nlm.nih.gov/sos8/sra-pub-run-834/SRR016/16958/SRR16958686/SRR16958686.1,SRX13150261,ms_r,AMPLICON,RANDOM PCR,GENOMIC,SINGLE,0,0,PACBIO_SMRT,PacBio RS,SRP346396,PRJNA780915,,780915,SRS11082593,SAMN23211514,simple,107608,Amaranthus palmeri,ms_r,,,,,,,no,,,,,CLEMSON UNIVERSITY,SRA1330260,,public,A9E77970D7A82F98DB7DA94DABC24922,164CA6AF5AA5E48D746748A2EAEA01F6
SRR16958687,2021/11/16 15:51,2021/11/16 15:44,38313,260449198,0,6797,93,,https://sra-downloadb.be-md.ncbi.nlm.nih.gov/sos4/sra-pub-zq-1/SRR016/16958/SRR16958687/SRR16958687.lite.1,SRX13150260,ks_s,AMPLICON,RANDOM PCR,GENOMIC,SINGLE,0,0,PACBIO_SMRT,PacBio RS,SRP346396,PRJNA780915,,780915,SRS11082592,SAMN23211512,simple,107608,Amaranthus palmeri,ks_s,,,,,,,no,,,,,CLEMSON UNIVERSITY,SRA1330260,,public,2A77E53449F532D65EAFB76C62D0428F,E0ACA145F9CCDAEC8A217598B08068FE
SRR16958688,2021/11/16 15:51,2021/11/16 15:44,42860,273067983,0,6371,95,,https://sra-downloadb.be-md.ncbi.nlm.nih.gov/sos9/sra-pub-zq-924/SRR016/16958/SRR16958688/SRR16958688.lite.1,SRX13150259,ks_r,AMPLICON,RANDOM PCR,GENOMIC,SINGLE,0,0,PACBIO_SMRT,PacBio RS,SRP346396,PRJNA780915,,780915,SRS11082591,SAMN23211511,simple,107608,Amaranthus palmeri,ks_r,,,,,,,no,,,,,CLEMSON UNIVERSITY,SRA1330260,,public,E50892366FF55F3FC7033A4DB9F0D5F5,B6A9D55080CC984998E3373D97EEAAD1
SRR16958689,2021/11/16 15:45,2021/11/16 15:42,19707,139352389,0,7071,50,,https://sra-downloadb.be-md.ncbi.nlm.nih.gov/sos8/sra-pub-zq-820/SRR016/16958/SRR16958689/SRR16958689.lite.1,SRX13150258,ga_s,AMPLICON,RANDOM PCR,GENOMIC,SINGLE,0,0,PACBIO_SMRT,PacBio RS,SRP346396,PRJNA780915,,780915,SRS11082590,SAMN23211510,simple,107608,Amaranthus palmeri,ga_s,,,,,,,no,,,,,CLEMSON UNIVERSITY,SRA1330260,,public,3678EAD10100D93C7D833C3A0AA22335,C81CDB3C43292C8D46437C15AB716D15
SRR16958690,2021/11/16 15:51,2021/11/16 15:44,56035,387341348,0,6912,140,,https://sra-downloadb.be-md.ncbi.nlm.nih.gov/sos4/sra-pub-zq-1/SRR016/16958/SRR16958690/SRR16958690.lite.1,SRX13150257,ga_r,AMPLICON,RANDOM PCR,GENOMIC,SINGLE,0,0,PACBIO_SMRT,PacBio RS,SRP346396,PRJNA780915,,780915,SRS11082589,SAMN23211509,simple,107608,Amaranthus palmeri,ga_r,,,,,,,no,,,,,CLEMSON UNIVERSITY,SRA1330260,,public,351B4F9D5F6B7AB1FDB00950ED967684,B453FE107A2560AEFD36E935256B7671
SRR16958691,2021/11/16 15:51,2021/11/16 15:44,56014,408970588,0,7301,152,,https://sra-downloadb.be-md.ncbi.nlm.nih.gov/sos9/sra-pub-zq-924/SRR016/16958/SRR16958691/SRR16958691.lite.1,SRX13150256,de_r,AMPLICON,RANDOM PCR,GENOMIC,SINGLE,0,0,PACBIO_SMRT,PacBio RS,SRP346396,PRJNA780915,,780915,SRS11082588,SAMN23211508,simple,107608,Amaranthus palmeri,de_r,,,,,,,no,,,,,CLEMSON UNIVERSITY,SRA1330260,,public,0E7A29EE47B27D7B3023FF25B08C7CFF,C9469C9458A45681A243449C1EDC9BBA
SRR16958692,2021/11/16 15:45,2021/11/16 15:42,24156,102310390,0,4235,31,,https://sra-downloadb.be-md.ncbi.nlm.nih.gov/sos9/sra-pub-zq-924/SRR016/16958/SRR16958692/SRR16958692.lite.1,SRX13150255,az_s,AMPLICON,RANDOM PCR,GENOMIC,SINGLE,0,0,PACBIO_SMRT,PacBio RS,SRP346396,PRJNA780915,,780915,SRS11082587,SAMN23211507,simple,107608,Amaranthus palmeri,az_s,,,,,,,no,,,,,CLEMSON UNIVERSITY,SRA1330260,,public,971B414D424AD6A07D2AFAC64A752FD2,A98890BBECE00C77DA0530206945C116
SRR16958693,2021/11/16 15:51,2021/11/16 15:43,24796,113610147,0,4581,36,,https://sra-downloadb.be-md.ncbi.nlm.nih.gov/sos1/sra-pub-zq-38/SRR016/16958/SRR16958693/SRR16958693.lite.1,SRX13150254,az_r,AMPLICON,RANDOM PCR,GENOMIC,SINGLE,0,0,PACBIO_SMRT,PacBio RS,SRP346396,PRJNA780915,,780915,SRS11082586,SAMN23211506,simple,107608,Amaranthus palmeri,az_r,,,,,,,no,,,,,CLEMSON UNIVERSITY,SRA1330260,,public,494B9472770D6044B5F378FAF10CDB2D,10A093BB40DD406F987A2CE3B30D1C79
SRR24335743,2023/4/28 13:05,2023/4/28 12:49,650802,262044502,650802,402,119,,https://sra-downloadb.be-md.ncbi.nlm.nih.gov/sos4/sra-pub-zq-3/SRR024/24335/SRR24335743/SRR24335743.lite.1,SRX20128629,M10,OTHER,RANDOM,GENOMIC,PAIRED,0,0,ILLUMINA,Illumina MiSeq,SRP435029,PRJNA961124,,961124,SRS17457206,SAMN34352788,simple,3702,Arabidopsis thaliana,eccDNA Illumina MiSeq ddm1_polIV_rdr6 rep3,,,,,,,no,,,,,IRD,SRA1626308,,public,C9EE8E4A28E6DDEC538CB86C9342BA70,B75397EE793D40F6EED4F881C295F4C6
SRR24335744,2023/6/13 12:34,2023/6/13 11:42,1571665,539818576,1571665,343,329,,https://sra-downloadb.be-md.ncbi.nlm.nih.gov/sos5/sra-pub-zq-11/SRR024/24335/SRR24335744/SRR24335744.lite.1,SRX20128628,K11,OTHER,RANDOM,GENOMIC,PAIRED,0,0,ILLUMINA,Illumina MiSeq,SRP435029,PRJNA961124,,961124,SRS17457205,SAMN34352787,simple,3702,Arabidopsis thaliana,eccDNA Illumina MiSeq ddm1_polIV_rdr6 rep2,,,,,,,no,,,,,IRD,SRA1626308,,public,8144C98D4238E81F660741F6411B5645,863D37EC2CCB2401109FB867601E94B8
SRR24335745,2023/6/13 12:34,2023/6/13 11:42,1506958,523570273,1506958,347,322,,https://sra-downloadb.be-md.ncbi.nlm.nih.gov/sos5/sra-pub-zq-11/SRR024/24335/SRR24335745/SRR24335745.lite.1,SRX20128627,K10,OTHER,RANDOM,GENOMIC,PAIRED,0,0,ILLUMINA,Illumina MiSeq,SRP435029,PRJNA961124,,961124,SRS17457204,SAMN34352786,simple,3702,Arabidopsis thaliana,eccDNA Illumina MiSeq ddm1_polIV_rdr6 rep1,,,,,,,no,,,,,IRD,SRA1626308,,public,0C57A2F925A77C6A1D11E33CBED9C531,A0503B1D3B19E9ADF764F332463BD9F0
SRR24335746,2023/4/28 13:05,2023/4/28 12:49,719988,254416837,719988,353,112,,https://sra-downloadb.be-md.ncbi.nlm.nih.gov/sos4/sra-pub-zq-3/SRR024/24335/SRR24335746/SRR24335746.lite.1,SRX20128626,M2,OTHER,RANDOM,GENOMIC,PAIRED,0,0,ILLUMINA,Illumina MiSeq,SRP435029,PRJNA961124,,961124,SRS17457203,SAMN34352785,simple,3702,Arabidopsis thaliana,eccDNA Illumina MiSeq ddm1_polIV rep2,,,,,,,no,,,,,IRD,SRA1626308,,public,4720FA01FA0C1D27C762E28579BA5D19,40F50CBB04A4680673CCCF9B4F7A722F
SRR24335747,2023/6/13 12:34,2023/6/13 11:42,1302090,461897351,1302090,354,284,,https://sra-downloadb.be-md.ncbi.nlm.nih.gov/sos5/sra-pub-zq-11/SRR024/24335/SRR24335747/SRR24335747.lite.1,SRX20128625,K3,OTHER,RANDOM,GENOMIC,PAIRED,0,0,ILLUMINA,Illumina MiSeq,SRP435029,PRJNA961124,,961124,SRS17457201,SAMN34352784,simple,3702,Arabidopsis thaliana,eccDNA Illumina MiSeq ddm1_polIV rep1,,,,,,,no,,,,,IRD,SRA1626308,,public,E6E4973D37B9020501EE38C930DE1D7F,272FBC805A7F250B6BDC9AD10552257B
SRR24335748,2023/4/28 13:05,2023/4/28 12:50,1275680,418819729,1275680,328,177,,https://sra-downloadb.be-md.ncbi.nlm.nih.gov/sos4/sra-pub-zq-3/SRR024/24335/SRR24335748/SRR24335748.lite.1,SRX20128624,M1,OTHER,RANDOM,GENOMIC,PAIRED,0,0,ILLUMINA,Illumina MiSeq,SRP435029,PRJNA961124,,961124,SRS17457202,SAMN34352783,simple,3702,Arabidopsis thaliana,eccDNA Illumina MiSeq ddm1 rep2,,,,,,,no,,,,,IRD,SRA1626308,,public,AF790B45247FD70AD1927A10D8493A40,4B1BC36D4E1E5E2A3CA51981CC66E162
SRR24335749,2023/4/28 13:13,2023/4/28 13:08,841554,8697502701,0,10335,7267,,https://sra-downloadb.be-md.ncbi.nlm.nih.gov/sos9/sra-pub-run-936/SRR024/24335/SRR24335749/SRR24335749.1,SRX20128623,FAS08151,WGS,RANDOM,GENOMIC,SINGLE,0,0,OXFORD_NANOPORE,MinION,SRP435029,PRJNA961124,,961124,SRS17457199,SAMN34352811,simple,3702,Arabidopsis thaliana,gDNA MinION rdr6 rep1,,,,,,,no,,,,,IRD,SRA1626308,,public,71BED5C0F303D5805E33C1695A1901EA,D7460DB34119C8C30D0FD99B811AC50E
SRR24335750,2023/4/28 13:21,2023/4/28 13:16,410581,6042476215,0,14716,5037,,https://sra-downloadb.be-md.ncbi.nlm.nih.gov/sos9/sra-pub-run-936/SRR024/24335/SRR24335750/SRR24335750.1,SRX20128622,FAS10064,WGS,RANDOM,GENOMIC,SINGLE,0,0,OXFORD_NANOPORE,MinION,SRP435029,PRJNA961124,,961124,SRS17457200,SAMN34352810,simple,3702,Arabidopsis thaliana,gDNA MinION polIV rep1,,,,,,,no,,,,,IRD,SRA1626308,,public,4A8FDBCFBE886FB73A6AA7692F656BBB,A7762D7071ECA101480C8C39A0B6F442
SRR24335751,2023/4/28 13:17,2023/4/28 13:13,1054943,4890639526,0,4635,4170,,https://sra-downloadb.be-md.ncbi.nlm.nih.gov/sos9/sra-pub-run-936/SRR024/24335/SRR24335751/SRR24335751.1,SRX20128621,FAQ11157,WGS,RANDOM,GENOMIC,SINGLE,0,0,OXFORD_NANOPORE,MinION,SRP435029,PRJNA961124,,961124,SRS17457198,SAMN34352809,simple,3702,Arabidopsis thaliana,gDNA MinION ddm1 rep2,,,,,,,no,,,,,IRD,SRA1626308,,public,3081DFBC075D2D4A6373164D4E45920E,B57C4AA86539BF29C3951CA94592C4FB
SRR24335752,2023/6/13 12:34,2023/6/13 11:41,1591273,556707244,1591273,349,334,,https://sra-downloadb.be-md.ncbi.nlm.nih.gov/sos5/sra-pub-zq-11/SRR024/24335/SRR24335752/SRR24335752.lite.1,SRX20128620,K2,OTHER,RANDOM,GENOMIC,PAIRED,0,0,ILLUMINA,Illumina MiSeq,SRP435029,PRJNA961124,,961124,SRS17457197,SAMN34352782,simple,3702,Arabidopsis thaliana,eccDNA Illumina MiSeq ddm1 rep1,,,,,,,no,,,,,IRD,SRA1626308,,public,FA871C0DC483614B434AAB955A285D3E,2A9EF9679D4ED14C8E41C654C47418F7
SRR24335753,2023/4/28 13:05,2023/4/28 13:02,250391,2232691891,0,8916,1938,,https://sra-downloadb.be-md.ncbi.nlm.nih.gov/sos9/sra-pub-run-936/SRR024/24335/SRR24335753/SRR24335753.1,SRX20128619,FAN45571,WGS,RANDOM,GENOMIC,SINGLE,0,0,OXFORD_NANOPORE,MinION,SRP435029,PRJNA961124,,961124,SRS17457196,SAMN34352808,simple,3702,Arabidopsis thaliana,gDNA MinION ddm1 rep1,,,,,,,no,,,,,IRD,SRA1626308,,public,A911D4234A21A66D1D9EF8F5BD6909F4,C62F6998A2233296C85696974E518C8E
SRR24335754,2023/4/28 13:15,2023/4/28 13:10,1495344,11726930290,0,7842,9960,,https://sra-downloadb.be-md.ncbi.nlm.nih.gov/sos9/sra-pub-run-936/SRR024/24335/SRR24335754/SRR24335754.1,SRX20128618,FAQ09746,WGS,RANDOM,GENOMIC,SINGLE,0,0,OXFORD_NANOPORE,MinION,SRP435029,PRJNA961124,,961124,SRS17457195,SAMN34352807,simple,3702,Arabidopsis thaliana,gDNA MinION ddm1 rdr6 rep2,,,,,,,no,,,,,IRD,SRA1626308,,public,F17EAAD6257B11D8C1BACE33ACC45BDA,D0AB8B0A7607022F01744B9888ED363D
SRR24335755,2023/4/28 13:05,2023/4/28 13:01,2369096,5274547119,0,2226,4517,,https://sra-downloadb.be-md.ncbi.nlm.nih.gov/sos9/sra-pub-run-936/SRR024/24335/SRR24335755/SRR24335755.1,SRX20128617,FAQ09283,WGS,RANDOM,GENOMIC,SINGLE,0,0,OXFORD_NANOPORE,MinION,SRP435029,PRJNA961124,,961124,SRS17457194,SAMN34352806,simple,3702,Arabidopsis thaliana,gDNA MinION ddm1 rdr6 rep1,,,,,,,no,,,,,IRD,SRA1626308,,public,984147715544AD27BA7CC9E5F80EE052,81BD2E4F7654DBC29B1AE053951A5339
SRR24335756,2023/4/28 13:05,2023/4/28 12:56,1486947,2539184288,0,1707,2192,,https://sra-downloadb.be-md.ncbi.nlm.nih.gov/sos9/sra-pub-run-936/SRR024/24335/SRR24335756/SRR24335756.1,SRX20128616,FAQ57435,WGS,RANDOM,GENOMIC,SINGLE,0,0,OXFORD_NANOPORE,MinION,SRP435029,PRJNA961124,,961124,SRS17457193,SAMN34352805,simple,3702,Arabidopsis thaliana,gDNA MinION ddm1 polIV rep2,,,,,,,no,,,,,IRD,SRA1626308,,public,E02FDE28B33EE87B3FEB770AD3D76C30,550E065322D8FBE076C0142B31A33C85
SRR24335757,2023/4/28 13:05,2023/4/28 13:04,1943791,6868559655,0,3533,5887,,https://sra-downloadb.be-md.ncbi.nlm.nih.gov/sos9/sra-pub-run-936/SRR024/24335/SRR24335757/SRR24335757.1,SRX20128615,FAO18772,WGS,RANDOM,GENOMIC,SINGLE,0,0,OXFORD_NANOPORE,MinION,SRP435029,PRJNA961124,,961124,SRS17457191,SAMN34352804,simple,3702,Arabidopsis thaliana,gDNA MinION ddm1 polIV rep1,,,,,,,no,,,,,IRD,SRA1626308,,public,77945BC98E988E243A9937818A283A4A,8A41533CBD62E01541771999DB45473C
SRR24335758,2023/4/28 13:21,2023/4/28 13:16,3701523,9994980816,0,2700,8806,,https://sra-downloadb.be-md.ncbi.nlm.nih.gov/sos9/sra-pub-run-936/SRR024/24335/SRR24335758/SRR24335758.1,SRX20128614,FAK64234,WGS,RANDOM,GENOMIC,SINGLE,0,0,OXFORD_NANOPORE,MinION,SRP435029,PRJNA961124,,961124,SRS17457192,SAMN34352803,simple,3702,Arabidopsis thaliana,gDNA MinION ddm1 polIV rdr6 rep2,,,,,,,no,,,,,IRD,SRA1626308,,public,A33A39E36773752B91021E8F3967B71C,E239E6BBF96A66C53824959361F5FC54
SRR24335759,2023/4/28 13:07,2023/4/28 13:03,3888097,6900061407,0,1774,6170,,https://sra-downloadb.be-md.ncbi.nlm.nih.gov/sos9/sra-pub-run-936/SRR024/24335/SRR24335759/SRR24335759.1,SRX20128613,FAK46256,WGS,RANDOM,GENOMIC,SINGLE,0,0,OXFORD_NANOPORE,MinION,SRP435029,PRJNA961124,,961124,SRS17457190,SAMN34352802,simple,3702,Arabidopsis thaliana,gDNA MinION ddm1 polIV rdr6 rep1,,,,,,,no,,,,,IRD,SRA1626308,,public,2744C937DFA91C5D6A2848A311E31D16,282E387295C6ED18D4ED153C0D6FED2B
SRR24335760,2023/4/28 13:17,2023/4/28 13:12,1676749,12386912002,0,7387,9701,,https://sra-downloadb.be-md.ncbi.nlm.nih.gov/sos9/sra-pub-run-936/SRR024/24335/SRR24335760/SRR24335760.1,SRX20128612,FAH47276,WGS,RANDOM,GENOMIC,SINGLE,0,0,OXFORD_NANOPORE,MinION,SRP435029,PRJNA961124,,961124,SRS17457189,SAMN34352801,simple,3702,Arabidopsis thaliana,gDNA MinION Col-0 rep2,,,,,,,no,,,,,IRD,SRA1626308,,public,9EAD6AE24AFF932328CEEB4B80E178D2,65827F983D0B0A7D20B2D6B4BCBBE48F
SRR24335761,2023/4/28 13:12,2023/4/28 13:08,407668,3731312388,0,9152,3191,,https://sra-downloadb.be-md.ncbi.nlm.nih.gov/sos9/sra-pub-run-936/SRR024/24335/SRR24335761/SRR24335761.1,SRX20128611,FAH44252,WGS,RANDOM,GENOMIC,SINGLE,0,0,OXFORD_NANOPORE,MinION,SRP435029,PRJNA961124,,961124,SRS17457188,SAMN34352800,simple,3702,Arabidopsis thaliana,gDNA MinION Col-0 rep1,,,,,,,no,,,,,IRD,SRA1626308,,public,4993F98B37DD518A084FC0F451701D7C,CF373EB478C096CB3F7D4D9A7F95BA23
SRR24335762,2023/4/28 13:05,2023/4/28 12:56,196317,900586358,0,4587,766,,https://sra-downloadb.be-md.ncbi.nlm.nih.gov/sos9/sra-pub-run-936/SRR024/24335/SRR24335762/SRR24335762.1,SRX20128610,FAQ09207,OTHER,RANDOM,GENOMIC,SINGLE,0,0,OXFORD_NANOPORE,MinION,SRP435029,PRJNA961124,,961124,SRS17457186,SAMN34352799,simple,3702,Arabidopsis thaliana,eccDNA MinION ddm1 polIV rdr6 rep2,,,,,,,no,,,,,IRD,SRA1626308,,public,4F7EB0E915F8FD9CB6A2B98D5229930E,AA13EE9589BE081BA9731CB1E02A4716
SRR24335763,2023/4/28 13:05,2023/4/28 12:50,582359,235043883,582359,403,109,,https://sra-downloadb.be-md.ncbi.nlm.nih.gov/sos4/sra-pub-zq-3/SRR024/24335/SRR24335763/SRR24335763.lite.1,SRX20128609,M11,OTHER,RANDOM,GENOMIC,PAIRED,0,0,ILLUMINA,Illumina MiSeq,SRP435029,PRJNA961124,,961124,SRS17457187,SAMN34352781,simple,3702,Arabidopsis thaliana,eccDNA Illumina MiSeq Col-0 rep3,,,,,,,no,,,,,IRD,SRA1626308,,public,C44CB24803C8E0F52FD5AF47E2F407FA,9CC0C993DFB5C124CD8D3D21A096CD17
SRR24335764,2023/4/28 13:05,2023/4/28 12:57,241650,1037819415,0,4294,820,,https://sra-downloadb.be-md.ncbi.nlm.nih.gov/sos9/sra-pub-run-936/SRR024/24335/SRR24335764/SRR24335764.1,SRX20128608,FAH80614,OTHER,RANDOM,GENOMIC,SINGLE,0,0,OXFORD_NANOPORE,MinION,SRP435029,PRJNA961124,,961124,SRS17457184,SAMN34352798,simple,3702,Arabidopsis thaliana,eccDNA MinION ddm1 polIV rdr6 rep1,,,,,,,no,,,,,IRD,SRA1626308,,public,3CD523299723F151083743DE7B84E3F3,542AB41975ED780FC7F6A9B739E89BEC
SRR24335765,2023/4/28 13:05,2023/4/28 12:51,82336,187344970,0,2275,161,,https://sra-downloadb.be-md.ncbi.nlm.nih.gov/sos9/sra-pub-run-936/SRR024/24335/SRR24335765/SRR24335765.1,SRX20128607,FAQ03777,OTHER,RANDOM,GENOMIC,SINGLE,0,0,OXFORD_NANOPORE,MinION,SRP435029,PRJNA961124,,961124,SRS17457185,SAMN34352797,simple,3702,Arabidopsis thaliana,eccDNA MinION Col-0 rep1,,,,,,,no,,,,,IRD,SRA1626308,,public,D61B00668BA78E7D7484CA62FE77F890,E3BDDA8E1A4F31F2C8189A8002A4BE1A
SRR24335766,2023/4/28 13:05,2023/4/28 12:49,708414,268135039,708414,378,125,,https://sra-downloadb.be-md.ncbi.nlm.nih.gov/sos4/sra-pub-zq-3/SRR024/24335/SRR24335766/SRR24335766.lite.1,SRX20128606,M5,OTHER,RANDOM,GENOMIC,PAIRED,0,0,ILLUMINA,Illumina MiSeq,SRP435029,PRJNA961124,,961124,SRS17457183,SAMN34352796,simple,3702,Arabidopsis thaliana,eccDNA Illumina MiSeq rdr6 rep1,,,,,,,no,,,,,IRD,SRA1626308,,public,8B604FA655BA74CA32AC8CEC4A795EE9,EE011A9A05D670F2DCED251D584C65C8
SRR24335767,2023/4/28 13:05,2023/4/28 12:49,927130,346302897,927130,373,159,,https://sra-downloadb.be-md.ncbi.nlm.nih.gov/sos4/sra-pub-zq-3/SRR024/24335/SRR24335767/SRR24335767.lite.1,SRX20128605,M4,OTHER,RANDOM,GENOMIC,PAIRED,0,0,ILLUMINA,Illumina MiSeq,SRP435029,PRJNA961124,,961124,SRS17457182,SAMN34352795,simple,3702,Arabidopsis thaliana,eccDNA Illumina MiSeq polIV rep3,,,,,,,no,,,,,IRD,SRA1626308,,public,9092933D3763FFE4E4294AF73A4E0662,2E75EFAEED1AD45150F0D4B9A68279AF
SRR24335768,2023/4/28 13:05,2023/4/28 12:50,1997335,581908800,1997335,291,343,,https://sra-downloadb.be-md.ncbi.nlm.nih.gov/sos4/sra-pub-zq-3/SRR024/24335/SRR24335768/SRR24335768.lite.1,SRX20128604,K16,OTHER,RANDOM,GENOMIC,PAIRED,0,0,ILLUMINA,Illumina MiSeq,SRP435029,PRJNA961124,,961124,SRS17457181,SAMN34352794,simple,3702,Arabidopsis thaliana,eccDNA Illumina MiSeq polIV rep2,,,,,,,no,,,,,IRD,SRA1626308,,public,B11CAA3825D7B347B8AD114AC56EE94A,D8939B437CD8D3F94A73F7B8F0B247D8
SRR24335769,2023/4/28 13:05,2023/4/28 12:52,5253439,775495229,0,147,450,,https://sra-downloadb.be-md.ncbi.nlm.nih.gov/sos4/sra-pub-zq-3/SRR024/24335/SRR24335769/SRR24335769.lite.1,SRX20128603,K15,OTHER,RANDOM,GENOMIC,PAIRED,0,0,ILLUMINA,Illumina MiSeq,SRP435029,PRJNA961124,,961124,SRS17457180,SAMN34352793,simple,3702,Arabidopsis thaliana,eccDNA Illumina MiSeq polIV rep1,,,,,,,no,,,,,IRD,SRA1626308,,public,081D2402604E31F829AC0A4170178C34,666D683982F810972D4A59AF3B0A2C68
SRR24335770,2023/4/28 13:05,2023/4/28 12:50,1122052,386526267,1122052,344,168,,https://sra-downloadb.be-md.ncbi.nlm.nih.gov/sos4/sra-pub-zq-3/SRR024/24335/SRR24335770/SRR24335770.lite.1,SRX20128602,M3,OTHER,RANDOM,GENOMIC,PAIRED,0,0,ILLUMINA,Illumina MiSeq,SRP435029,PRJNA961124,,961124,SRS17457179,SAMN34352792,simple,3702,Arabidopsis thaliana,eccDNA Illumina MiSeq ddm1_rdr6 rep2,,,,,,,no,,,,,IRD,SRA1626308,,public,F718ED4AEEFB6EA84DB620EA4A33769C,E94D4C0F987A281B64A5E5658ECF72C6
SRR24335771,2023/6/13 12:34,2023/6/13 11:42,1250101,443528692,1250101,354,267,,https://sra-downloadb.be-md.ncbi.nlm.nih.gov/sos5/sra-pub-zq-11/SRR024/24335/SRR24335771/SRR24335771.lite.1,SRX20128601,K4,OTHER,RANDOM,GENOMIC,PAIRED,0,0,ILLUMINA,Illumina MiSeq,SRP435029,PRJNA961124,,961124,SRS17457178,SAMN34352791,simple,3702,Arabidopsis thaliana,eccDNA Illumina MiSeq ddm1_rdr6 rep1,,,,,,,no,,,,,IRD,SRA1626308,,public,CF5E9CCD68D0EF3E0F365B33FFCEB5D6,46A99FC4C74593C233165DE242329749
SRR24335772,2023/4/28 13:05,2023/4/28 12:49,665967,275590282,665967,413,123,,https://sra-downloadb.be-md.ncbi.nlm.nih.gov/sos4/sra-pub-zq-3/SRR024/24335/SRR24335772/SRR24335772.lite.1,SRX20128600,M9,OTHER,RANDOM,GENOMIC,PAIRED,0,0,ILLUMINA,Illumina MiSeq,SRP435029,PRJNA961124,,961124,SRS17457177,SAMN34352790,simple,3702,Arabidopsis thaliana,eccDNA Illumina MiSeq ddm1_polIV_rdr6 rep5,,,,,,,no,,,,,IRD,SRA1626308,,public,24360C248CC1B6B8BB7AF324A993DBF7,5F416536AD8C635E2B8596B8989023FF
SRR24335773,2023/4/28 13:05,2023/4/28 12:50,962196,387151266,962196,402,178,,https://sra-downloadb.be-md.ncbi.nlm.nih.gov/sos4/sra-pub-zq-3/SRR024/24335/SRR24335773/SRR24335773.lite.1,SRX20128599,M7,OTHER,RANDOM,GENOMIC,PAIRED,0,0,ILLUMINA,Illumina MiSeq,SRP435029,PRJNA961124,,961124,SRS17457176,SAMN34352789,simple,3702,Arabidopsis thaliana,eccDNA Illumina MiSeq ddm1_polIV_rdr6 rep4,,,,,,,no,,,,,IRD,SRA1626308,,public,1EE10027329F3F007E8D0F3A5B6CEE5F,F6DE9C3F5B232CB7F64A4794FE3113A2
SRR24335774,2023/4/28 13:05,2023/4/28 12:49,436085,176456792,436085,404,88,,https://sra-downloadb.be-md.ncbi.nlm.nih.gov/sos4/sra-pub-zq-3/SRR024/24335/SRR24335774/SRR24335774.lite.1,SRX20128598,K18,OTHER,RANDOM,GENOMIC,PAIRED,0,0,ILLUMINA,Illumina MiSeq,SRP435029,PRJNA961124,,961124,SRS17457175,SAMN34352780,simple,3702,Arabidopsis thaliana,eccDNA Illumina MiSeq Col-0 rep2,,,,,,,no,,,,,IRD,SRA1626308,,public,138CC8C9595AF8FC5BD383F6F70656C0,1817487B6D2C9A363BA8B860BA9F5D71
SRR24335775,2023/6/13 12:34,2023/6/13 11:41,1630989,544681665,1630989,333,330,,https://sra-downloadb.be-md.ncbi.nlm.nih.gov/sos5/sra-pub-zq-11/SRR024/24335/SRR24335775/SRR24335775.lite.1,SRX20128597,K1,OTHER,RANDOM,GENOMIC,PAIRED,0,0,ILLUMINA,Illumina MiSeq,SRP435029,PRJNA961124,,961124,SRS17457174,SAMN34352779,simple,3702,Arabidopsis thaliana,eccDNA Illumina MiSeq Col-0 rep1,,,,,,,no,,,,,IRD,SRA1626308,,public,6F4E3FAB818A2FBB4B85EB684DCA8E09,8A7FEB6EDF9658BB38240DEC175CB7F3
SRR24693334,2023/5/23 4:49,2023/5/23 4:40,279293,940547215,0,3367,806,,https://sra-downloadb.be-md.ncbi.nlm.nih.gov/sos9/sra-pub-run-936/SRR024/24693/SRR24693334/SRR24693334.1,SRX20472402,ddm1_HS_eccDNA,OTHER,other,GENOMIC,SINGLE,0,0,OXFORD_NANOPORE,MinION,SRP439050,PRJNA975338,,975338,SRS17784690,SAMN35324036,simple,3702,Arabidopsis thaliana,ddm1_HS,,,,,,,no,,,,,ALL-RUSSIA REASEARCH INSTITURE FOR AGRICULTURAL BIOTECHNOLOGY,SRA1642381,,public,A2023FB758CA7F8D275B871A423E216C,898378810287EF1DCDF5DFA7C058ADC4
SRR24693335,2023/5/23 4:52,2023/5/23 4:45,207384,898501136,0,4332,770,,https://sra-downloadb.be-md.ncbi.nlm.nih.gov/sos9/sra-pub-run-936/SRR024/24693/SRR24693335/SRR24693335.1,SRX20472401,eccDNA_WT_stress_K_rep2,OTHER,other,GENOMIC,SINGLE,0,0,OXFORD_NANOPORE,MinION,SRP439050,PRJNA975338,,975338,SRS17784689,SAMN35324035,simple,3702,Arabidopsis thaliana,K2,,,,,,,no,,,,,ALL-RUSSIA REASEARCH INSTITURE FOR AGRICULTURAL BIOTECHNOLOGY,SRA1642381,,public,E6BAB2F1F31D7B968CA9A56F06DC28ED,C9F164B07B95F049926B200002D5A71B
SRR24693336,2023/5/23 4:52,2023/5/23 4:44,138861,569351142,0,4100,487,,https://sra-downloadb.be-md.ncbi.nlm.nih.gov/sos9/sra-pub-run-936/SRR024/24693/SRR24693336/SRR24693336.1,SRX20472400,eccDNA_WT_stress_K_rep1,OTHER,other,GENOMIC,SINGLE,0,0,OXFORD_NANOPORE,MinION,SRP439050,PRJNA975338,,975338,SRS17784687,SAMN35324034,simple,3702,Arabidopsis thaliana,K1,,,,,,,no,,,,,ALL-RUSSIA REASEARCH INSTITURE FOR AGRICULTURAL BIOTECHNOLOGY,SRA1642381,,public,018915A94E4B688070CA41FEAB8204D1,A1003865920BABD81421D62DACFAB533
SRR24693337,2023/5/23 4:49,2023/5/23 4:41,67744,215923465,0,3187,185,,https://sra-downloadb.be-md.ncbi.nlm.nih.gov/sos9/sra-pub-run-936/SRR024/24693/SRR24693337/SRR24693337.1,SRX20472399,eccDNA_WT_stress_HS_rep2,OTHER,other,GENOMIC,SINGLE,0,0,OXFORD_NANOPORE,MinION,SRP439050,PRJNA975338,,975338,SRS17784688,SAMN35324033,simple,3702,Arabidopsis thaliana,HS2,,,,,,,no,,,,,ALL-RUSSIA REASEARCH INSTITURE FOR AGRICULTURAL BIOTECHNOLOGY,SRA1642381,,public,9557BD1664DDB4800135F14B2137E3B6,525820A7645083DB30DF1154EC5E8E1E
SRR24693338,2023/5/23 4:52,2023/5/23 4:45,239052,879761805,0,3680,753,,https://sra-downloadb.be-md.ncbi.nlm.nih.gov/sos9/sra-pub-run-936/SRR024/24693/SRR24693338/SRR24693338.1,SRX20472398,eccDNA_WT_stress_HS_rep1,OTHER,other,GENOMIC,SINGLE,0,0,OXFORD_NANOPORE,MinION,SRP439050,PRJNA975338,,975338,SRS17784686,SAMN35324032,simple,3702,Arabidopsis thaliana,HS1,,,,,,,no,,,,,ALL-RUSSIA REASEARCH INSTITURE FOR AGRICULTURAL BIOTECHNOLOGY,SRA1642381,,public,4495756D33BF477F65BD26B1868D759E,B8C8D48854DB6CEF3AF1B10606FD13CF
SRR24693339,2023/5/23 4:52,2023/5/23 4:43,267542,908444119,0,3395,778,,https://sra-downloadb.be-md.ncbi.nlm.nih.gov/sos9/sra-pub-run-936/SRR024/24693/SRR24693339/SRR24693339.1,SRX20472397,eccDNA_WT_stress_Flg_rep2,OTHER,other,GENOMIC,SINGLE,0,0,OXFORD_NANOPORE,MinION,SRP439050,PRJNA975338,,975338,SRS17784685,SAMN35324031,simple,3702,Arabidopsis thaliana,Flg2,,,,,,,no,,,,,ALL-RUSSIA REASEARCH INSTITURE FOR AGRICULTURAL BIOTECHNOLOGY,SRA1642381,,public,61409D2BC97D6ACE2BBADBB6539ADBC6,AE8E3E65672A1FEB927405E5CBE8224B
SRR24693340,2023/5/23 4:52,2023/5/23 4:42,131522,475877111,0,3618,408,,https://sra-downloadb.be-md.ncbi.nlm.nih.gov/sos9/sra-pub-run-936/SRR024/24693/SRR24693340/SRR24693340.1,SRX20472396,eccDNA_WT_stress_Flg_rep1,OTHER,other,GENOMIC,SINGLE,0,0,OXFORD_NANOPORE,MinION,SRP439050,PRJNA975338,,975338,SRS17784684,SAMN35324030,simple,3702,Arabidopsis thaliana,Flg1,,,,,,,no,,,,,ALL-RUSSIA REASEARCH INSTITURE FOR AGRICULTURAL BIOTECHNOLOGY,SRA1642381,,public,B886C2EBDFB28FF5A771E797FFA6C75F,E037FD92863B9E79D77AABE3940332B8
SRR24693341,2023/5/23 4:52,2023/5/23 4:44,490838,1237792569,0,2521,1068,,https://sra-downloadb.be-md.ncbi.nlm.nih.gov/sos9/sra-pub-run-936/SRR024/24693/SRR24693341/SRR24693341.1,SRX20472395,eccDNA_WT_stress_ABA_rep2,OTHER,other,GENOMIC,SINGLE,0,0,OXFORD_NANOPORE,MinION,SRP439050,PRJNA975338,,975338,SRS17784683,SAMN35324029,simple,3702,Arabidopsis thaliana,ABA2,,,,,,,no,,,,,ALL-RUSSIA REASEARCH INSTITURE FOR AGRICULTURAL BIOTECHNOLOGY,SRA1642381,,public,442CFFCDE8E422075615B43898935823,9A3A2BF8FDD0E92D986ECAD9E069170E
SRR24693342,2023/5/23 4:52,2023/5/23 4:42,236853,635809493,0,2684,548,,https://sra-downloadb.be-md.ncbi.nlm.nih.gov/sos9/sra-pub-run-936/SRR024/24693/SRR24693342/SRR24693342.1,SRX20472394,eccDNA_WT_stress_ZA_rep2,OTHER,other,GENOMIC,SINGLE,0,0,OXFORD_NANOPORE,MinION,SRP439050,PRJNA975338,,975338,SRS17784682,SAMN35324038,simple,3702,Arabidopsis thaliana,ZA2,,,,,,,no,,,,,ALL-RUSSIA REASEARCH INSTITURE FOR AGRICULTURAL BIOTECHNOLOGY,SRA1642381,,public,24F849FA05F2D07784950B0C29C2AC4D,812743011112768FEC254ECED214A233
SRR24693343,2023/5/23 4:52,2023/5/23 4:42,179242,540365338,0,3014,464,,https://sra-downloadb.be-md.ncbi.nlm.nih.gov/sos9/sra-pub-run-936/SRR024/24693/SRR24693343/SRR24693343.1,SRX20472393,eccDNA_WT_stress_ZA_rep1,OTHER,other,GENOMIC,SINGLE,0,0,OXFORD_NANOPORE,MinION,SRP439050,PRJNA975338,,975338,SRS17784681,SAMN35324037,simple,3702,Arabidopsis thaliana,ZA1,,,,,,,no,,,,,ALL-RUSSIA REASEARCH INSTITURE FOR AGRICULTURAL BIOTECHNOLOGY,SRA1642381,,public,F0D8244DEFBA62607B1A1E8DB42D26ED,D2C1AFB164A68E57D3E9D8F60A8564C6
SRR24693344,2023/5/23 5:19,2023/5/23 4:43,190580,825605636,0,4332,705,,https://sra-downloadb.be-md.ncbi.nlm.nih.gov/sos9/sra-pub-run-936/SRR024/24693/SRR24693344/SRR24693344.1,SRX20472392,eccDNA_WT_stress_ABA_rep1,OTHER,other,GENOMIC,SINGLE,0,0,OXFORD_NANOPORE,MinION,SRP439050,PRJNA975338,,975338,SRS17784750,SAMN35324028,simple,3702,Arabidopsis thaliana,ABA1,,,,,,,no,,,,,ALL-RUSSIA REASEARCH INSTITURE FOR AGRICULTURAL BIOTECHNOLOGY,SRA1642381,,public,956325B1153D9D7F323CC368D8C3FB00,4BAE9A230CD9C4DEF2588132BC33C397
SRR24693345,2023/5/23 5:19,2023/5/23 4:42,257563,613921645,0,2383,527,,https://sra-downloadb.be-md.ncbi.nlm.nih.gov/sos9/sra-pub-run-936/SRR024/24693/SRR24693345/SRR24693345.1,SRX20472391,ddm1_eccDNA,OTHER,other,GENOMIC,SINGLE,0,0,OXFORD_NANOPORE,MinION,SRP439050,PRJNA975338,,975338,SRS17784749,SAMN35324027,simple,3702,Arabidopsis thaliana,ddm1,,,,,,,no,,,,,ALL-RUSSIA REASEARCH INSTITURE FOR AGRICULTURAL BIOTECHNOLOGY,SRA1642381,,public,D5DD0407D4081F54A45AAF21916243AA,00DD4A7838C1AFD7919BEE89BF786E84
SRR26069818,2023/9/15 11:14,2023/9/15 9:59,87395,535708866,0,6129,208,,https://sra-downloadb.be-md.ncbi.nlm.nih.gov/sos4/sra-pub-run-30/SRR026/26069/SRR26069818/SRR26069818.1,SRX21785585,Rothamsted,AMPLICON,unspecified,GENOMIC,SINGLE,0,0,PACBIO_SMRT,Sequel II,SRP460731,PRJNA1017797,,1017797,SRS18888110,SAMN37408037,simple,81473,Alopecurus myosuroides,bg_eccDNA_7,,,,,,,no,,,,,CLEMSON UNIVERSITY,SRA1712685,,public,F30243777A6FA41F921BF15B4A02BF1F,820A0E05A595FA2E557174FBA13D33B6
SRR26069819,2023/9/15 11:14,2023/9/15 10:02,72183,433468393,0,6005,167,,https://sra-downloadb.be-md.ncbi.nlm.nih.gov/sos4/sra-pub-run-30/SRR026/26069/SRR26069819/SRR26069819.1,SRX21785584,Peldon,AMPLICON,unspecified,GENOMIC,SINGLE,0,0,PACBIO_SMRT,Sequel II,SRP460731,PRJNA1017797,,1017797,SRS18888109,SAMN37408036,simple,81473,Alopecurus myosuroides,bg_eccDNA_6,,,,,,,no,,,,,CLEMSON UNIVERSITY,SRA1712685,,public,1EA7A926145F1A9217309899C19BC822,1D06DB2CF4133059CCA61EC837563A5B
SRR26069820,2023/9/15 11:14,2023/9/15 10:01,89023,534855392,0,6008,206,,https://sra-downloadb.be-md.ncbi.nlm.nih.gov/sos4/sra-pub-run-30/SRR026/26069/SRR26069820/SRR26069820.1,SRX21785583,Lola91,AMPLICON,unspecified,GENOMIC,SINGLE,0,0,PACBIO_SMRT,Sequel II,SRP460731,PRJNA1017797,,1017797,SRS18888108,SAMN37408035,simple,81473,Alopecurus myosuroides,bg_eccDNA_5,,,,,,,no,,,,,CLEMSON UNIVERSITY,SRA1712685,,public,522B4A157749FA3538E0D3399345F1EA,33C61B6C44580454AB0BB4B018B74AF5
SRR26069821,2023/9/15 11:14,2023/9/15 10:00,70773,426183850,0,6021,165,,https://sra-downloadb.be-md.ncbi.nlm.nih.gov/sos4/sra-pub-run-30/SRR026/26069/SRR26069821/SRR26069821.1,SRX21785582,CC5S,AMPLICON,unspecified,GENOMIC,SINGLE,0,0,PACBIO_SMRT,Sequel II,SRP460731,PRJNA1017797,,1017797,SRS18888107,SAMN37408034,simple,81473,Alopecurus myosuroides,bg_eccDNA_4,,,,,,,no,,,,,CLEMSON UNIVERSITY,SRA1712685,,public,BD3538089F2247B2E65C647F74B39F39,0066C055A3185976E500FDC35DF6B0F2
SRR26069822,2023/9/15 11:14,2023/9/15 10:00,92112,555821200,0,6034,216,,https://sra-downloadb.be-md.ncbi.nlm.nih.gov/sos4/sra-pub-run-30/SRR026/26069/SRR26069822/SRR26069822.1,SRX21785581,CC5R,AMPLICON,unspecified,GENOMIC,SINGLE,0,0,PACBIO_SMRT,Sequel II,SRP460731,PRJNA1017797,,1017797,SRS18888106,SAMN37408033,simple,81473,Alopecurus myosuroides,bg_eccDNA_3,,,,,,,no,,,,,CLEMSON UNIVERSITY,SRA1712685,,public,9D8737CA7D46C6EC9C6A0428C8EAB72B,27CC903CBB480560A4176B31211B15F4
SRR26069823,2023/9/15 11:14,2023/9/15 10:02,70433,423174823,0,6008,163,,https://sra-downloadb.be-md.ncbi.nlm.nih.gov/sos4/sra-pub-run-30/SRR026/26069/SRR26069823/SRR26069823.1,SRX21785580,CC2S,AMPLICON,unspecified,GENOMIC,SINGLE,0,0,PACBIO_SMRT,Sequel II,SRP460731,PRJNA1017797,,1017797,SRS18888105,SAMN37408032,simple,81473,Alopecurus myosuroides,bg_eccDNA_2,,,,,,,no,,,,,CLEMSON UNIVERSITY,SRA1712685,,public,8F7C07A78D1781E4BC76832F0D47F498,224E6EA634F117C1AE3E84E170E08F84
SRR26069824,2023/9/15 11:14,2023/9/15 10:02,80908,489771258,0,6053,189,,https://sra-downloadb.be-md.ncbi.nlm.nih.gov/sos4/sra-pub-run-30/SRR026/26069/SRR26069824/SRR26069824.1,SRX21785579,CC2R,AMPLICON,unspecified,GENOMIC,SINGLE,0,0,PACBIO_SMRT,Sequel II,SRP460731,PRJNA1017797,,1017797,SRS18888104,SAMN37408031,simple,81473,Alopecurus myosuroides,bg_eccDNA_1,,,,,,,no,,,,,CLEMSON UNIVERSITY,SRA1712685,,public,C0D93350930FECCC3294CF49B9684DC6,2A226F8060F805959CCA2FB031BA9997
SRR28004411,2024/2/19 8:32,2024/2/19 8:28,64000,180375555,0,2818,155,,https://sra-downloadb.be-md.ncbi.nlm.nih.gov/sos9/sra-pub-run-936/SRR028/28004/SRR28004411/SRR28004411.1,SRX23656940,Za,AMPLICON,other,GENOMIC,SINGLE,0,0,OXFORD_NANOPORE,MinION,SRP490261,PRJNA1077878,,1077878,SRS20489035,SAMN39983545,simple,4081,Solanum lycopersicum,eccDNA_merged_ZA,,,,,,,no,,,,,ALL-RUSSIA REASEARCH INSTITURE FOR AGRICULTURAL BIOTECHNOLOGY,SRA1804264,,public,FF1E7E64D6D0189DA6CB9C5463719D9C,64BAE38B63CC81BF8A9CBBED8E6906E9
SRR28004412,2024/2/19 8:32,2024/2/19 8:28,48000,145706627,0,3035,125,,https://sra-downloadb.be-md.ncbi.nlm.nih.gov/sos9/sra-pub-run-936/SRR028/28004/SRR28004412/SRR28004412.1,SRX23656939,Control,AMPLICON,other,GENOMIC,SINGLE,0,0,OXFORD_NANOPORE,MinION,SRP490261,PRJNA1077878,,1077878,SRS20489034,SAMN39983544,simple,4081,Solanum lycopersicum,eccDNA_merged_Control,,,,,,,no,,,,,ALL-RUSSIA REASEARCH INSTITURE FOR AGRICULTURAL BIOTECHNOLOGY,SRA1804264,,public,8B3F21FF38A4DF2D77DDE58295A186D1,68CBEE540B2666526FE17D2A124ECA49
SRR30359583,2025/3/10 19:07,2024/8/24 2:04,843459,14286558028,0,16938,4856,,https://sra-downloadb.be-md.ncbi.nlm.nih.gov/sos7/sra-pub-run-38/SRR030/30359/SRR30359583/SRR30359583.1,SRX25817532,AMAPA_SUSC_3_HiFi,WGS,RANDOM,GENOMIC,SINGLE,0,0,PACBIO_SMRT,Sequel IIe,SRP528384,PRJNA1151833,,1151833,SRS22447604,SAMN43324597,simple,107608,Amaranthus palmeri,Susceptible - plant 3 HiFi reads,,,,,,,no,,,,,MICHIGAN STATE UNIVERSITY,SRA1954783,,public,835D019F457C5F1C7D8F4BF8F55811B4,7D71C7BE28DF835AC2AC49D546D8232B
SRR30359584,2025/3/10 19:07,2024/8/24 2:05,866742,14663872827,0,16918,4967,,https://sra-downloadb.be-md.ncbi.nlm.nih.gov/sos7/sra-pub-run-38/SRR030/30359/SRR30359584/SRR30359584.1,SRX25817531,AMAPA_SUSC_2_HiFi,WGS,RANDOM,GENOMIC,SINGLE,0,0,PACBIO_SMRT,Sequel IIe,SRP528384,PRJNA1151833,,1151833,SRS22447603,SAMN43324596,simple,107608,Amaranthus palmeri,Susceptible - plant 2 HiFi reads,,,,,,,no,,,,,MICHIGAN STATE UNIVERSITY,SRA1954783,,public,7F273BFA9AF208045B7060FEBA1A25BF,5A85696B866F987939A9267230B8FABD
SRR30359585,2025/3/10 19:07,2024/8/24 2:04,720086,11494697936,0,15962,3840,,https://sra-downloadb.be-md.ncbi.nlm.nih.gov/sos7/sra-pub-run-38/SRR030/30359/SRR30359585/SRR30359585.1,SRX25817530,AMAPA_SUSC_1_HiFi,WGS,RANDOM,GENOMIC,SINGLE,0,0,PACBIO_SMRT,Sequel IIe,SRP528384,PRJNA1151833,,1151833,SRS22447602,SAMN43324595,simple,107608,Amaranthus palmeri,Susceptible - plant 1 HiFi reads,,,,,,,no,,,,,MICHIGAN STATE UNIVERSITY,SRA1954783,,public,8A9BE47730EB787A457A7777B992D2AF,1F4A54F4CA2C5E7F6F304B056ED3BA3D
SRR30359586,2025/3/10 19:07,2024/8/24 2:04,658100,10625231823,0,16145,3563,,https://sra-downloadb.be-md.ncbi.nlm.nih.gov/sos7/sra-pub-run-38/SRR030/30359/SRR30359586/SRR30359586.1,SRX25817529,AMAPA_MSR2_3_HiFi,WGS,RANDOM,GENOMIC,SINGLE,0,0,PACBIO_SMRT,Sequel IIe,SRP528384,PRJNA1151833,,1151833,SRS22447601,SAMN43324594,simple,107608,Amaranthus palmeri,MSR2 - plant 3 - Suscep HiFi reads,,,,,,,no,,,,,MICHIGAN STATE UNIVERSITY,SRA1954783,,public,E81A05CFF121DED2404CF3FC37B3F4E3,DDCC190FFDDF897B410A871CF4A04202
SRR30359587,2025/3/10 19:07,2024/8/24 2:04,935872,14019760898,0,14980,4576,,https://sra-downloadb.be-md.ncbi.nlm.nih.gov/sos7/sra-pub-run-38/SRR030/30359/SRR30359587/SRR30359587.1,SRX25817528,AMAPA_MSR2_2_HiFi,WGS,RANDOM,GENOMIC,SINGLE,0,0,PACBIO_SMRT,Sequel IIe,SRP528384,PRJNA1151833,,1151833,SRS22447600,SAMN43324593,simple,107608,Amaranthus palmeri,MSR2 - plant 2 - Gly + Glu-R HiFi reads,,,,,,,no,,,,,MICHIGAN STATE UNIVERSITY,SRA1954783,,public,376FD063B528050B3B4BC87E59ED60CA,8279C803B50AF273D31DFA221943DE73
SRR30359588,2025/3/10 19:07,2024/8/24 2:03,802112,11847192487,0,14769,3879,,https://sra-downloadb.be-md.ncbi.nlm.nih.gov/sos7/sra-pub-run-38/SRR030/30359/SRR30359588/SRR30359588.1,SRX25817527,AMAPA_MSR2_1_HiFi,WGS,RANDOM,GENOMIC,SINGLE,0,0,PACBIO_SMRT,Sequel IIe,SRP528384,PRJNA1151833,,1151833,SRS22447599,SAMN43324592,simple,107608,Amaranthus palmeri,MSR2 - plant 1 - Gly-R HiFi reads,,,,,,,no,,,,,MICHIGAN STATE UNIVERSITY,SRA1954783,,public,717B83D74EDB01452F45E631938E8F66,CE1B7EAA8DA37771F96D6852FB9503A0
SRR31773424,2024/12/19 3:27,2024/12/19 3:21,376484,865434950,0,2298,744,,https://sra-downloadb.be-md.ncbi.nlm.nih.gov/sos7/sra-pub-run-38/SRR031/31773/SRR31773424/SRR31773424.1,SRX27135087,noPST7,WGS,RANDOM,GENOMIC,SINGLE,0,0,OXFORD_NANOPORE,MinION,SRP552546,PRJNA1200253,,1200253,SRS16014713,SAMN32122148,simple,4232,Helianthus annuus,AZ_24HS,,,,,,,no,,,,,ALL-RUSSIA REASEARCH INSTITURE FOR AGRICULTURAL BIOTECHNOLOGY,SRA2037606,,public,F61F22D1C7B0E28BCBF61C9075F6CBF8,4E1EEFF13CD3389D25F8E6EF8311E116
SRR31773425,2024/12/19 3:27,2024/12/19 3:20,125720,332526957,0,2644,285,,https://sra-downloadb.be-md.ncbi.nlm.nih.gov/sos7/sra-pub-run-38/SRR031/31773/SRR31773425/SRR31773425.1,SRX27135086,noPSnoT7,WGS,RANDOM,GENOMIC,SINGLE,0,0,OXFORD_NANOPORE,MinION,SRP552546,PRJNA1200253,,1200253,SRS16014713,SAMN32122148,simple,4232,Helianthus annuus,AZ_24HS,,,,,,,no,,,,,ALL-RUSSIA REASEARCH INSTITURE FOR AGRICULTURAL BIOTECHNOLOGY,SRA2037606,,public,3EB252E2C0F36C84E245631F6BD043C8,A5B4FAD476EF7A6AB56C370C09FE1B3B
SRR31773426,2024/12/19 3:27,2024/12/19 3:22,380826,1000305153,0,2626,857,,https://sra-downloadb.be-md.ncbi.nlm.nih.gov/sos7/sra-pub-run-38/SRR031/31773/SRR31773426/SRR31773426.1,SRX27135085,PST7,WGS,RANDOM,GENOMIC,SINGLE,0,0,OXFORD_NANOPORE,MinION,SRP552546,PRJNA1200253,,1200253,SRS16014713,SAMN32122148,simple,4232,Helianthus annuus,AZ_24HS,,,,,,,no,,,,,ALL-RUSSIA REASEARCH INSTITURE FOR AGRICULTURAL BIOTECHNOLOGY,SRA2037606,,public,E14F17D70751BCCE68123CD7548999EF,A76F7A41F978A06E26425929069F43BD
SRR31773427,2024/12/19 3:27,2024/12/19 3:20,71652,194669383,0,2716,166,,https://sra-downloadb.be-md.ncbi.nlm.nih.gov/sos7/sra-pub-run-38/SRR031/31773/SRR31773427/SRR31773427.1,SRX27135084,PSnoT7,WGS,RANDOM,GENOMIC,SINGLE,0,0,OXFORD_NANOPORE,MinION,SRP552546,PRJNA1200253,,1200253,SRS16014713,SAMN32122148,simple,4232,Helianthus annuus,AZ_24HS,,,,,,,no,,,,,ALL-RUSSIA REASEARCH INSTITURE FOR AGRICULTURAL BIOTECHNOLOGY,SRA2037606,,public,153FED70CF0E1FE560C0F05FDC7BEEBA,B8037F08BC772CC43DB3BB313020FE98
SRR32429746,2025/2/21 17:53,2025/2/21 17:51,15605975,4962700050,15605975,318,1611,,https://sra-downloadb.be-md.ncbi.nlm.nih.gov/sos7/sra-pub-zq-41/SRR032/32429/SRR32429746/SRR32429746.lite.1,SRX27758752,NGS-220636C,WGS,RANDOM,GENOMIC,PAIRED,0,0,ILLUMINA,Illumina HiSeq 2500,SRP565534,PRJNA1226626,,1226626,SRS24144061,SAMN46950745,simple,4100,Nicotiana benthamiana,Wild N. benthamiana,,,,,,,no,,,,,MADURAI KAMARAJ UNIVERSITY,SRA2081832,,public,235209293930DE4A85563BAB2557DB2C,C82F965528045A6A574B55A5DC15F8D4
SRR32429747,2025/2/21 17:46,2025/2/21 17:42,18634386,5925734748,18634386,318,1937,,https://sra-downloadb.be-md.ncbi.nlm.nih.gov/sos7/sra-pub-zq-41/SRR032/32429/SRR32429747/SRR32429747.lite.1,SRX27758751,NGS-220636A,WGS,RANDOM,GENOMIC,PAIRED,0,0,ILLUMINA,Illumina HiSeq 2500,SRP565534,PRJNA1226626,,1226626,SRS24144060,SAMN46950744,simple,4100,Nicotiana benthamiana,BYVMV DNA A,,,,,,,no,,,,,MADURAI KAMARAJ UNIVERSITY,SRA2081832,,public,D0DCC4F81E520B39E095052EA0A621E8,2D2E2BF631E00935EAC9D925622A1880
SRR32429748,2025/2/21 18:11,2025/2/21 18:00,18645927,5929404786,18645927,318,1959,,https://sra-downloadb.be-md.ncbi.nlm.nih.gov/sos7/sra-pub-zq-41/SRR032/32429/SRR32429748/SRR32429748.lite.1,SRX27758750,NGS-220636AB,WGS,RANDOM,GENOMIC,PAIRED,0,0,ILLUMINA,Illumina HiSeq 2500,SRP565534,PRJNA1226626,,1226626,SRS24144059,SAMN46950743,simple,4100,Nicotiana benthamiana,BYVMV DNA A + BETASATELLITE,,,,,,,no,,,,,MADURAI KAMARAJ UNIVERSITY,SRA2081832,,public,FB0D896A7513719D46A84214C2B49057,3C5F8F6AA691BF97A377D0EB3C574500
SRR36603439,2025/12/26 1:59,2025/12/26 1:58,223737,481759318,0,2153,416,,https://sra-downloadb.be-md.ncbi.nlm.nih.gov/sos9/sra-pub-run-936/SRR036/36603/SRR36603439/SRR36603439.1,SRX31616065,Nb_buffer_HS,OTHER,other,GENOMIC,SINGLE,0,0,OXFORD_NANOPORE,PromethION,SRP658070,PRJNA1393863,,1393863,SRS27591831,SAMN54314675,simple,4100,Nicotiana benthamiana,Nb_buffer_HS_ecc,,,,,,,no,,,,,ALL-RUSSIA REASEARCH INSTITURE FOR AGRICULTURAL BIOTECHNOLOGY,SRA2305745,,public,C72973E5ADC639E830DEC26CABC76F13,B68C57288D1C558627DE69A9FC2B4E01
SRR36603440,2025/12/26 1:59,2025/12/26 1:57,233654,405718849,0,1736,353,,https://sra-downloadb.be-md.ncbi.nlm.nih.gov/sos9/sra-pub-run-936/SRR036/36603/SRR36603440/SRR36603440.1,SRX31616064,Nb_buffer,OTHER,other,GENOMIC,SINGLE,0,0,OXFORD_NANOPORE,PromethION,SRP658070,PRJNA1393863,,1393863,SRS27591830,SAMN54314674,simple,4100,Nicotiana benthamiana,Nb_buffer_ecc,,,,,,,no,,,,,ALL-RUSSIA REASEARCH INSTITURE FOR AGRICULTURAL BIOTECHNOLOGY,SRA2305745,,public,5080FEB1604D8B11A6E881775DD8C78C,6B5D86C4B1C5EAD550D03802D1F0DF6E
SRR36603441,2025/12/26 1:58,2025/12/26 1:56,255247,390666818,0,1530,341,,https://sra-downloadb.be-md.ncbi.nlm.nih.gov/sos9/sra-pub-run-936/SRR036/36603/SRR36603441/SRR36603441.1,SRX31616063,Nb_ecc_TRV_p19,OTHER,other,GENOMIC,SINGLE,0,0,OXFORD_NANOPORE,PromethION,SRP658070,PRJNA1393863,,1393863,SRS27591829,SAMN54314673,simple,4100,Nicotiana benthamiana,Nb_ecc_TRV_p19,,,,,,,no,,,,,ALL-RUSSIA REASEARCH INSTITURE FOR AGRICULTURAL BIOTECHNOLOGY,SRA2305745,,public,3FE65CF62F4C8DDC9BE971B96519DDDD,09E0542D435667A9876A2B16E5BB4A22
SRR36603442,2025/12/26 1:59,2025/12/26 1:56,175607,400601007,0,2281,343,,https://sra-downloadb.be-md.ncbi.nlm.nih.gov/sos9/sra-pub-run-936/SRR036/36603/SRR36603442/SRR36603442.1,SRX31616062,Nb_ecc_TRV,OTHER,other,GENOMIC,SINGLE,0,0,OXFORD_NANOPORE,PromethION,SRP658070,PRJNA1393863,,1393863,SRS27591828,SAMN54314672,simple,4100,Nicotiana benthamiana,Nb_ecc_TRV,,,,,,,no,,,,,ALL-RUSSIA REASEARCH INSTITURE FOR AGRICULTURAL BIOTECHNOLOGY,SRA2305745,,public,8058EC18332C6D071568959636AA5FB6,081D1FF16407E5D1452F500169C19D4B
SRR5051136,2017/6/27 16:07,2016/11/23 22:28,228859,114887218,228859,502,65,,https://sra-downloadb.be-md.ncbi.nlm.nih.gov/sos5/sra-pub-zq-14/SRR005/051/SRR5051136.sralite.1,SRX2372566,,OTHER,other,GENOMIC,PAIRED,0,0,ILLUMINA,Illumina MiSeq,SRP093854,PRJNA354815,2,354815,SRS1817252,SAMN06052018,simple,39947,Oryza sativa Japonica Group,GSM2402731,,,,,,,no,,,,,GEO,SRA498625,,public,F09E7872293F8F78AE943706552ADFDB,896005B6E7F2B8A152AA445B080889D5
SRR5051137,2017/6/27 16:07,2016/11/23 22:28,256449,128737398,256449,502,73,,https://sra-downloadb.be-md.ncbi.nlm.nih.gov/sos5/sra-pub-zq-11/SRR005/051/SRR5051137/SRR5051137.sralite.1,SRX2372567,,OTHER,other,GENOMIC,PAIRED,0,0,ILLUMINA,Illumina MiSeq,SRP093854,PRJNA354815,2,354815,SRS1817253,SAMN06052017,simple,39947,Oryza sativa Japonica Group,GSM2402732,,,,,,,no,,,,,GEO,SRA498625,,public,A85FC1B2A4CBC11F4BFCBC63033F77AA,32D7C3897B0DF13F9D08C6C9559F4121
SRR5051138,2017/6/27 16:07,2016/11/23 22:29,349914,175656828,349914,502,105,,https://sra-downloadb.be-md.ncbi.nlm.nih.gov/sos5/sra-pub-zq-14/SRR005/051/SRR5051138.sralite.1,SRX2372568,,OTHER,other,GENOMIC,PAIRED,0,0,ILLUMINA,Illumina MiSeq,SRP093854,PRJNA354815,2,354815,SRS1817254,SAMN06052016,simple,39947,Oryza sativa Japonica Group,GSM2402733,,,,,,,no,,,,,GEO,SRA498625,,public,374DD986F177A9C71C48F6524C5F6C78,F6432EAB5B4A7996F679B30A0AB2DFF2
SRR5051139,2017/6/27 16:07,2016/11/23 22:31,411331,206488162,411331,502,119,,https://sra-downloadb.be-md.ncbi.nlm.nih.gov/sos5/sra-pub-zq-11/SRR005/051/SRR5051139/SRR5051139.sralite.1,SRX2372569,,OTHER,other,GENOMIC,PAIRED,0,0,ILLUMINA,Illumina MiSeq,SRP093854,PRJNA354815,2,354815,SRS1817255,SAMN06052015,simple,39947,Oryza sativa Japonica Group,GSM2402734,,,,,,,no,,,,,GEO,SRA498625,,public,2C573787BA00524D511E81DBC32AAE14,D567463D0B99887EAA2CD55CD5E1D4FB
,,,,,,,,,,,,,,,,,,,,,,,,,,,,,,,,,,,,,,,,,,,,,,
,,,,,,,,,,,,,,,,,,,,,,,,,,,,,,,,,,,,,,,,,,,,,,
,,,,,,,,,,,,,,,,,,,,,,,,,,,,,,,,,,,,,,,,,,,,,,
,,,,,,,,,,,,,,,,,,,,,,,,,,,,,,,,,,,,,,,,,,,,,,
,,,,,,,,,,,,,,,,,,,,,,,,,,,,,,,,,,,,,,,,,,,,,,
,,,,,,,,,,,,,,,,,,,,,,,,,,,,,,,,,,,,,,,,,,,,,,
,,,,,,,,,,,,,,,,,,,,,,,,,,,,,,,,,,,,,,,,,,,,,,
,,,,,,,,,,,,,,,,,,,,,,,,,,,,,,,,,,,,,,,,,,,,,,
,,,,,,,,,,,,,,,,,,,,,,,,,,,,,,,,,,,,,,,,,,,,,,
,,,,,,,,,,,,,,,,,,,,,,,,,,,,,,,,,,,,,,,,,,,,,,
,,,,,,,,,,,,,,,,,,,,,,,,,,,,,,,,,,,,,,,,,,,,,,
,,,,,,,,,,,,,,,,,,,,,,,,,,,,,,,,,,,,,,,,,,,,,,
,,,,,,,,,,,,,,,,,,,,,,,,,,,,,,,,,,,,,,,,,,,,,,
,,,,,,,,,,,,,,,,,,,,,,,,,,,,,,,,,,,,,,,,,,,,,,
,,,,,,,,,,,,,,,,,,,,,,,,,,,,,,,,,,,,,,,,,,,,,,
,,,,,,,,,,,,,,,,,,,,,,,,,,,,,,,,,,,,,,,,,,,,,,
,,,,,,,,,,,,,,,,,,,,,,,,,,,,,,,,,,,,,,,,,,,,,,
,,,,,,,,,,,,,,,,,,,,,,,,,,,,,,,,,,,,,,,,,,,,,,
,,,,,,,,,,,,,,,,,,,,,,,,,,,,,,,,,,,,,,,,,,,,,,
,,,,,,,,,,,,,,,,,,,,,,,,,,,,,,,,,,,,,,,,,,,,,,
,,,,,,,,,,,,,,,,,,,,,,,,,,,,,,,,,,,,,,,,,,,,,,
